"","YEAR","TEAM","SEED","KADJ_O","KADJ_D","BARTHAG","WIN_","FTR","TOV_","TOV_D","OREB_","DREB_","X3PT_","X3PT_D","AST_","EXP","ELITE_SOS","WINS","POWER","PATH"
"332",2013,"Wisconsin",5,108.829,85.8206,0.937,67.64706,29.9,15.6,18,32.6,73.3,33.4,29.2,56.3,1.822,37.133,0,78.6,70.9
"333",2013,"Wichita St.",9,109.966,92.5764,0.867,76.47059,35.8,19.8,20.4,38,74.7,33.7,33,56.1,1.983,22.177,4,68.7,81.1
"334",2013,"Western Kentucky",16,101.798,102.763,0.468,55.88235,37.9,22.4,20.7,34.8,68.9,33.2,32.8,48.4,1.539,14.863,0,50,86.1
"335",2013,"Villanova",9,106.057,92.4411,0.835,59.375,51.3,22.9,21.9,32.8,70.3,33.7,36.8,58,1.331,32.168,0,60.5,78.4
"336",2013,"VCU",5,113.747,94.4178,0.917,76.47059,30.6,17.1,28.6,37,65.3,35.2,33.6,52.5,1.728,22.954,1,70.8,73.3
"337",2013,"Valparaiso",14,111.066,99.147,0.756,78.125,42.3,22,19.2,31.6,72.7,37.5,33.6,57.2,2.728,13.999,0,60.8,79.5
"338",2013,"UNLV",5,106.858,89.633,0.877,72.72727,36.5,20.3,18.6,33.5,72.8,32.7,31.3,64.2,1.466,24.074,0,72.5,72.3
"339",2013,"UCLA",6,111.467,96.3046,0.856,73.52941,32.9,15.7,20,30.2,66,33.9,31.9,58.3,1.151,26.831,0,70.3,77.1
"340",2013,"Temple",9,111.464,99.5026,0.8,71.875,35.5,16.2,20.2,31.2,68.1,33.4,35.5,59.1,2.384,24.902,1,60.3,80.4
"341",2013,"Syracuse",4,114.546,91.9806,0.935,74.28571,35.3,19.1,23.4,39.8,65.6,33.4,29.8,56.6,1.746,31.803,4,84.2,66.4
"342",2013,"Southern",16,99.0012,99.294,0.459,68.96552,40.3,16.8,20.3,26.7,68.9,36.4,29.6,47.5,2.374,8.266,0,52.2,86.9
"343",2013,"South Dakota St.",13,112.586,105.42,0.651,70.96774,33.5,16.3,17.1,29,74,39.4,35.5,54.9,2.194,13.855,0,57.7,82.4
"344",2013,"San Diego St.",7,107.707,89.1276,0.88,66.66667,36,17.9,18.3,31.5,72,32.4,31.9,49.6,1.862,25.928,1,72.6,70.6
"345",2013,"Saint Mary's",11,116.686,97.7603,0.881,81.25,36.9,18.4,17.8,37.2,75,37.3,36.9,55.6,2.03,19.997,0,70.7,75.7
"346",2013,"Saint Louis",4,108.951,88.6822,0.906,81.81818,44.7,17.6,23.4,28.1,71.7,34.7,32.8,55.7,2.237,21.79,1,73,68.4
"347",2013,"Pittsburgh",8,116.301,91.1994,0.929,75,37.5,17.9,22.2,40.8,70.2,36,31.2,64.7,1.684,27.112,0,79.4,75.1
"348",2013,"Pacific",15,106.871,101.331,0.628,62.5,38.2,17.7,20.1,29.4,69.4,39.1,34.7,61.8,2.518,15.835,0,53.5,78
"349",2013,"Oregon",12,105.529,90.6673,0.851,76.47059,39,21.3,22.3,36.1,72.2,32.3,34.3,51,1.899,23.326,2,64.5,71.5
"350",2013,"Oklahoma St.",5,109.664,90.2456,0.908,75,40.8,18.1,21.5,31.8,69.3,31.6,32.2,48.7,1.02,26.462,0,69.9,70.6
"351",2013,"Oklahoma",10,111.409,97.0916,0.835,64.51613,36.1,17.6,19.7,33.6,68.6,32.6,32.7,49.2,1.87,27.937,0,63.2,74.8
"352",2013,"Ohio St.",2,114.487,89.3191,0.94,78.78788,34.2,16.6,20.7,32.2,72.4,35.1,32,53.2,1.639,34.432,3,83.1,67.4
"353",2013,"Notre Dame",7,115.515,98.0769,0.88,73.52941,32.2,17.4,16.2,34.1,70.2,37.3,32.2,66.4,1.938,29.503,0,69.5,72.7
"354",2013,"Northwestern St.",14,106.886,103.699,0.583,70.37037,40.8,19,22,35.3,63,31.4,34,53.3,2.009,12.973,0,53.5,87.2
"355",2013,"North Carolina St.",8,116.772,99.3673,0.869,70.58824,41.2,17.9,16.9,34.9,67,39.3,29.9,52,1.692,27.234,0,77,71.4
"356",2013,"North Carolina A&T",16,92.5828,97.9108,0.351,52.94118,43.2,22.5,23.6,30.2,66.6,30.2,31.8,53.1,2.33,9.659,0,46.7,89.3
"357",2013,"North Carolina",8,112.478,95.3146,0.875,69.69697,28,17.1,21.2,35.1,69.1,37,34.9,60.2,1.252,29.188,1,75.4,70.5
"358",2013,"New Mexico St.",13,105.566,96.7219,0.714,69.69697,47.9,21.8,18.7,36.4,70.2,32.6,33.8,48,1.61,14.948,0,58.6,72.5
"359",2013,"New Mexico",3,110.537,89.8302,0.864,85.29412,45.8,17.6,19.5,28.9,72.2,35.4,34.3,66.5,1.895,25.971,0,74.8,68.2
"360",2013,"Montana",13,105.569,102.857,0.536,79.31034,41.3,18.9,18.5,25.1,69.4,37.8,33.1,52.6,1.764,11.573,0,53.5,81.7
"361",2013,"Missouri",9,115.006,95.7839,0.877,69.69697,35.1,19.3,17.5,39.5,71.7,34,32.9,51.1,1.964,26.096,0,76.2,76.6
"362",2013,"Mississippi",12,112.338,95.8159,0.824,76.47059,39.3,15.8,21.7,33.8,68.1,33,31.3,46.3,1.846,21.197,1,65.8,77
"363",2013,"Minnesota",11,113.792,94.6477,0.912,62.5,41.9,21.7,20.1,44.1,67.1,32.6,33.9,61.9,1.964,34.85,1,72.7,75.1
"365",2013,"Michigan St.",3,112.662,89.423,0.922,75,36.7,20.5,19.7,35.5,71.7,34.4,30.2,53.7,1.306,37.025,2,80.3,70.5
"366",2013,"Michigan",4,120.868,95.8775,0.939,78.125,28.7,14.3,18.9,32.5,70.4,37.5,33.2,51.1,0.784,32.68,5,85.4,67.6
"367",2013,"Miami FL",2,113.044,90.7587,0.917,81.81818,35.2,16.9,18.4,30.8,72.1,35.8,32.6,45,2.369,27.681,2,79.1,65.1
"368",2013,"Memphis",6,108.62,91.9204,0.872,88.23529,37.9,20.8,22,36.2,69.4,37.9,33.5,62.4,1.761,18.445,1,73.2,74.6
"369",2013,"Marquette",3,113.994,95.3386,0.894,74.19355,41.4,21,19.9,37.8,66.8,30.1,31.8,58.6,1.991,31.449,3,73.9,67
"370",2013,"Louisville",1,114.313,83.1717,0.969,85.29412,38.8,18.7,27.6,38.4,66.3,33.1,31.2,58,1.726,31.558,6,89.5,66.4
"373",2013,"La Salle",13,110.546,97.2446,0.833,70,31.5,17.3,22,29.6,67.1,37.1,29.9,55.8,1.728,23.333,2,60.3,73.2
"374",2013,"Kansas St.",4,113.291,95.0325,0.887,78.78788,31.8,18.2,22.4,38.5,66,35.9,33.1,64.9,1.938,29.676,0,72.6,70.5
"375",2013,"Kansas",1,113.253,87.8314,0.956,85.29412,39.7,19.9,18.7,34.3,71.2,36.7,30.7,58.8,1.865,27.947,2,86.3,67.4
"376",2013,"James Madison",16,99.5556,101.23,0.451,58.82353,38.3,17.2,21.3,29.2,69.5,33.3,35,52.1,1.667,10.325,0,49.4,89.8
"377",2013,"Iowa St.",10,116.863,100.569,0.862,66.66667,33.1,18.6,18.5,34.6,71.1,37,30.7,57.9,2.282,27.483,1,66.5,73.2
"378",2013,"Iona",15,114.644,106.791,0.716,60.60606,32.7,16.9,19.5,32.8,66.6,37.3,37.3,54.7,2.016,15.075,0,56,81.9
"379",2013,"Indiana",1,122.482,92.5582,0.972,81.81818,46,19.1,21.2,39.7,68.5,41.1,30.6,54.1,1.679,32.801,2,90,66.3
"380",2013,"Illinois",7,110.496,95.3564,0.86,62.5,31.2,17.6,21.9,33.4,66.8,32.1,34.2,42.9,2.178,36.349,1,65.2,70.2
"381",2013,"Harvard",14,108.139,101.233,0.659,66.66667,50.4,21.1,21.1,26.1,68.5,40.1,32.7,57.6,1.292,17.558,1,55.8,74.6
"382",2013,"Gonzaga",1,120.831,91.8845,0.961,93.75,41,17.1,20.9,37.4,69.8,36.4,31.8,54.3,1.767,22.395,1,87,68.5
"383",2013,"Georgetown",2,107.747,85.5846,0.936,80.64516,37,20.1,22.6,30.6,68.7,35.8,30.5,64.4,1.213,31.664,0,78.6,68.4
"384",2013,"Florida Gulf Coast",15,103.304,99.9512,0.627,68.75,34.5,20.9,22.4,33.2,67.3,33.1,31.5,52.3,1.657,14.203,2,54,78
"385",2013,"Florida",3,118.162,86.1792,0.975,78.78788,29.1,17.7,22.4,34,71.4,38,30.1,56.5,2.172,24.664,3,88.9,66.4
"386",2013,"Duke",2,119.646,92.9223,0.95,84.375,37.7,15.6,20.9,29.4,67.1,40.6,29.3,53.7,1.785,29.848,3,85.8,67.3
"387",2013,"Davidson",14,112.441,101.27,0.775,78.125,38.7,17,18.9,29.2,72.1,36.6,32.3,56,2.27,13.113,0,60.4,73.1
"388",2013,"Creighton",7,119.389,97.1644,0.919,79.41176,33.6,18.8,16.2,29.2,73,42.1,31.3,64.4,1.914,22.691,1,74.1,74.4
"389",2013,"Colorado St.",8,118.136,97.9562,0.877,74.19355,43.3,16.7,16.9,41.8,76.7,33.4,33.9,51.5,2.496,23.522,1,71.6,80
"390",2013,"Colorado",10,107.269,92.4737,0.85,65.625,41.4,19.9,19.4,33.9,69.5,34.7,32.3,42.3,1.163,29.032,0,64.5,69.2
"391",2013,"Cincinnati",10,105.794,90.2087,0.884,66.66667,36.2,19.5,20.1,38.8,70.1,31.7,30,52.7,2.206,29.557,0,67.6,76.9
"392",2013,"California",12,107.434,94.7044,0.798,64.51613,31.3,18.8,16.6,32.8,69.4,30.4,33.6,55.5,1.698,27.791,1,63.7,75
"393",2013,"Butler",6,110.071,95.2626,0.856,75.75758,38.1,20.5,17.3,36.2,74,34.3,33.1,53.8,1.706,29.694,1,65.5,69
"394",2013,"Bucknell",11,107.882,94.4384,0.808,84.375,36.6,15.1,14.3,29.6,75.8,36,30.9,55.8,2.186,13.42,0,64.9,69.1
"396",2013,"Belmont",11,111.598,95.8476,0.83,80,32.4,19.8,25,30.4,66.1,37.6,32.9,57.2,2.311,15.327,0,65.6,76.6
"397",2013,"Arizona",6,114.263,93.7326,0.91,78.125,37.4,19.5,20.5,35.4,72.8,36.3,36,55.3,1.621,26.545,2,77.6,69.9
"398",2013,"Albany",15,102.346,101.191,0.543,70.58824,40.3,21.2,19.9,31.7,71.7,36.4,33.1,51.2,2.227,11.678,0,50.7,84.7
"399",2013,"Akron",12,107.801,94.0583,0.793,80.64516,36.8,20.4,20.5,37.8,69.8,33.2,32.2,58.2,1.73,14.733,0,65.3,74.2
"401",2014,"Wofford",15,100.924,102.947,0.413,58.62069,33.9,16.4,19.7,31.2,70.9,35.9,32.5,51.1,1.295,12.999,0,50.3,81
"402",2014,"Wisconsin",2,120.678,96.8522,0.936,78.78788,44.1,12.6,15.6,27.9,72.3,37.3,34.3,50.1,1.682,32.853,4,78,67.9
"403",2014,"Wichita St.",1,117.117,91.937,0.919,100,47.3,16.2,18.5,35.4,74.1,34.7,31.3,54,1.929,15.817,1,83.9,69
"404",2014,"Western Michigan",14,106.443,102.024,0.58,70.96774,51.7,20.9,18.5,31.4,68.4,33,31.2,46.8,1.641,12.19,0,54.1,80.6
"405",2014,"Weber St.",16,106.025,106.516,0.462,60.71429,50,19.1,13.6,28,71.3,39.4,33.1,55.4,1.609,9.596,0,51.8,90.3
"406",2014,"Virginia",1,113.85,87.4218,0.945,82.35294,42.4,16.8,18.8,34.8,73.6,36.5,31.9,56.8,1.452,30.369,2,81.4,65.5
"407",2014,"Villanova",2,117.154,91.8909,0.929,87.5,45,17.2,20.2,33.1,71.1,36.1,35.4,60.7,1.542,27.216,1,78.5,64.7
"408",2014,"VCU",5,108.679,88.4655,0.891,76.47059,35.7,17.2,25.6,35.1,69.3,34.9,30.1,50,1.651,23.556,0,73.9,69.5
"409",2014,"UCLA",4,118.14,95.8826,0.91,76.47059,39,14.9,20.5,30.2,71.7,39.1,34.6,59.2,1.33,25.87,2,79.3,67.8
"410",2014,"Tulsa",13,105.972,96.6323,0.73,63.63636,47.8,16.5,20.4,30.1,70.6,32.5,35.3,50.7,1.345,17.432,0,58.1,77.5
"412",2014,"Texas",7,110.262,95.2735,0.853,69.69697,43.8,17.7,16.6,39.4,70,32.4,34.2,49.5,0.797,29.843,1,65.9,72.3
"413",2014,"Tennessee",11,115.185,93.4414,0.923,62.5,41.3,17.2,17.2,39.7,72.4,33,34,49.6,2.051,27.83,2,74.8,71.1
"414",2014,"Syracuse",3,114.707,93.2029,0.918,84.375,38.8,14.6,21.9,38.1,68.3,33.5,34.6,49.6,1.424,28.889,1,81.6,67.8
"415",2014,"Stephen F. Austin",12,111.44,100.651,0.752,93.54839,40.1,16.8,24.4,38.5,70.7,35.2,34.8,62.6,1.924,7.349,1,60.2,75
"416",2014,"Stanford",10,113.435,97.4392,0.834,63.63636,44.6,16.8,17,29.5,72,37.1,35.5,46.6,2.423,28.957,2,65.6,77.9
"417",2014,"San Diego St.",4,109.055,89.2312,0.887,87.09677,44.9,15.3,21.1,36.1,70.5,33.9,30.8,39.7,1.858,22.259,2,75.1,69.4
"418",2014,"Saint Louis",5,105.599,89.8073,0.86,80.64516,40.6,18.6,21,29.2,70.9,32,29.1,58,2.475,21.668,1,68.7,72.6
"419",2014,"Saint Joseph's",10,111.261,98.2332,0.839,72.72727,43.4,18.7,15.4,29.5,72.4,38,33.7,57.1,2.138,22.509,0,62.7,74
"420",2014,"Providence",11,114.031,99.2945,0.815,64.70588,41.9,17.3,16.4,35.4,70,35,32.9,56.5,2.052,27.234,0,62.9,74.3
"421",2014,"Pittsburgh",9,116.412,94.8924,0.923,73.52941,46,16.5,19.2,37.7,71.2,35.6,33.1,62.8,1.508,27.298,1,72.8,71.5
"422",2014,"Oregon",7,118.258,99.4749,0.854,71.875,42.9,16.3,19.3,32.8,68.2,39.2,32.3,52.7,2.211,25.655,1,71.8,69.8
"423",2014,"Oklahoma St.",9,115.772,94.2393,0.917,63.63636,49.4,14.7,20,27.7,67.8,36.8,32.2,51.6,1.626,28.791,0,78.2,80.7
"424",2014,"Oklahoma",5,117.886,99.4806,0.877,71.875,40,15.8,17.7,32.3,69.4,37.8,34,53.1,1.251,29.271,0,68.9,69.9
"425",2014,"Ohio St.",6,109.354,87.6797,0.92,73.52941,42.8,17.1,22,30,70,32.6,29.4,49.9,2.15,28.439,0,78.4,70
"426",2014,"North Dakota St.",12,116.004,103.42,0.738,78.57143,41.7,15.5,17.4,31.4,72.6,34.9,37.5,43.3,2.313,14.3,1,61.3,71.5
"427",2014,"North Carolina St.",12,113.205,102.658,0.776,61.76471,36.4,15.9,17.5,34.7,63.8,30.3,32,49.3,1.062,29.638,0,62.9,73.3
"428",2014,"North Carolina Central",14,107.276,98.9836,0.684,83.87097,50.8,17.4,24,35.4,67.2,32.6,30.3,59,2.526,10.219,0,60.1,75.3
"429",2014,"North Carolina",6,111.545,93.1571,0.88,71.875,44.6,17.1,19.4,37.8,68.7,33.6,31.3,56.1,1.199,30.458,1,73.9,68.4
"430",2014,"New Mexico St.",13,112.746,102.113,0.746,73.52941,54.8,18.8,16.1,37.9,66.8,36.2,33.1,50.3,1.917,13.619,0,62.4,74
"431",2014,"New Mexico",7,113.782,96.2346,0.861,81.81818,47,15.9,14.9,32.8,71.4,33.7,34.4,61.6,1.938,21.24,0,75.5,73.4
"432",2014,"Nebraska",11,108.82,95.6836,0.805,61.29032,42.8,16.7,19,26.1,71.1,33.9,31.9,42.7,1.362,31.541,0,59.4,73.3
"434",2014,"Milwaukee",15,104.63,104.266,0.5,60.60606,45.5,20,18.5,28.6,68.9,33,31.6,58.1,1.98,13.476,0,49.5,77.8
"435",2014,"Michigan St.",4,118.203,94.4143,0.928,76.47059,33.5,17.1,18.3,33.5,72.3,39.1,33.2,62.4,1.664,32.172,3,85,66
"436",2014,"Michigan",2,122.369,99.5935,0.918,75.75758,35.9,14.8,17.3,28.9,71.1,39.4,32.1,55.5,1.052,36.032,3,82.1,65.4
"437",2014,"Mercer",14,108.78,101.313,0.693,74.19355,37.3,17.8,19.2,32.6,69.9,38.8,30.6,59.4,2.56,11.039,1,58.5,83.5
"438",2014,"Memphis",8,111.252,96.3212,0.855,70.96774,39.9,18.8,20.6,36.1,66.8,33.5,31,60.6,2.054,28.502,1,68.7,70.7
"439",2014,"Massachusetts",6,109.841,95.6537,0.821,75,40,18.8,18.8,34.3,68.4,34.7,31.3,55.7,2.092,24.043,0,64.6,77.4
"440",2014,"Manhattan",13,106.544,96.9886,0.734,78.125,55.9,19.7,21.8,34.8,66.9,36.7,32.7,52.4,1.91,12.444,0,59.4,84
"441",2014,"Louisville",4,119.102,88.5345,0.97,85.29412,40.4,14.9,25.2,37.3,67.1,37.1,29.1,54.2,1.843,21.304,2,87.8,67.3
"442",2014,"Louisiana Lafayette",14,109.939,104.85,0.655,64.51613,44.9,19.1,18.7,36.7,67.9,37.4,33,47.8,1.864,16.225,0,55.2,78.8
"443",2014,"Kentucky",8,116.202,95.0512,0.901,70.58824,53.8,18.1,16.3,42.2,70.1,32.5,31.7,45.7,0.322,29.5,5,79.6,73.1
"444",2014,"Kansas St.",9,108.305,93.9099,0.849,62.5,40.8,18.5,18.8,35,67,33.4,29.4,63.5,1.513,28.247,0,66.4,80.6
"445",2014,"Kansas",2,119.974,94.5731,0.934,72.72727,48.9,19,16.3,37.1,70.9,34.5,35.9,55.2,0.73,35.326,1,86.2,67.2
"446",2014,"Iowa St.",3,116.764,95.8121,0.895,78.78788,37.2,14.4,16.2,28.1,71.7,35.1,33.6,63.4,1.565,31.563,2,76,67.5
"448",2014,"Harvard",12,112.027,94.7095,0.861,86.2069,47.7,17.6,21.4,32.6,71.1,38.9,32.6,58.7,2.089,13.951,1,67.8,74.8
"449",2014,"Gonzaga",8,113.594,92.9558,0.908,81.81818,40.6,16.9,17.8,30.7,70.5,38.7,31.8,54.4,2.039,19.867,1,77.5,81.4
"450",2014,"George Washington",9,110.212,95.9821,0.825,75,46.7,19,19.6,34.8,69,36.9,31.4,55.7,1.769,24.145,0,63.8,72.5
"451",2014,"Florida",1,116.216,88.4056,0.955,94.11765,43.4,17.8,21.9,35.6,71.2,36.8,33.3,54.8,1.993,29.067,4,86.9,66.6
"452",2014,"Eastern Kentucky",15,111.315,108.295,0.586,70.96774,43.7,16,24.2,23,66.6,38.6,36.3,54.9,2.504,12.669,0,50.9,85
"453",2014,"Duke",3,124.75,99.4399,0.949,76.47059,39.3,14.4,18.7,35.1,68.3,39.4,30.5,54.5,1.373,30.879,0,85.1,67.6
"454",2014,"Delaware",13,111.299,105.513,0.63,73.52941,43.2,13.5,16.7,29.5,67.3,34.5,32.1,40.4,2.094,15.098,0,54.9,82.3
"455",2014,"Dayton",11,113.694,100.71,0.795,69.69697,41.3,18.1,19.1,34.9,71.4,37.8,34.3,50.9,1.645,21.556,3,61.9,78.8
"456",2014,"Creighton",3,125.701,100.913,0.935,78.78788,34.3,15.2,15.1,28.1,72.2,42.1,33.6,64.5,2.416,26.415,1,80.2,65.4
"457",2014,"Connecticut",7,111.355,92.2385,0.893,76.47059,38.6,17.6,19.5,31.2,66.6,38.7,32.9,51.6,2.055,27.116,6,73,69
"458",2014,"Colorado",8,107.9,95.4275,0.801,67.64706,48.4,19.4,18.1,34.3,74,32,35.7,49.1,0.938,28.422,0,64.8,77.5
"459",2014,"Coastal Carolina",16,97.0064,102.979,0.355,60,38.9,20.4,18.5,34.8,70.1,32,32.1,40.3,1.413,9.213,0,47.9,81.2
"460",2014,"Cincinnati",5,109.197,90.1186,0.883,81.81818,39.1,17.4,22.5,39.1,67.7,33.5,31.9,53.6,1.945,24.925,0,72.8,73.3
"461",2014,"Cal Poly",16,103.247,103.846,0.47,36.66667,33,14.8,17.9,30.8,67,33.5,34,52.3,1.814,19.389,0,50.9,83.8
"462",2014,"BYU",10,114.713,99.9591,0.815,66.66667,47.6,15.3,16.7,35,71.4,37.3,34.1,53.4,1.425,24.303,0,63.5,73.5
"463",2014,"Baylor",6,118.684,100.799,0.857,66.66667,43.7,18.2,15.9,41.1,67.1,38.4,36.7,58.1,2.021,30.866,2,70.5,67.7
"464",2014,"Arizona St.",10,110.175,94.7808,0.834,65.625,42,16.3,17.1,24.2,69.9,38.6,32.4,56.1,1.901,27.225,0,65.6,71
"465",2014,"Arizona",1,115.193,84.7964,0.963,88.23529,41.7,16,19,37.2,74,35.6,31.4,57.5,1.079,28.319,3,90.5,68.2
"466",2014,"American",15,103.925,98.0491,0.639,62.5,34.9,22.9,19.9,27,70.1,38.2,31.3,65.7,1.72,13.329,0,56.4,77.3
"467",2014,"Albany",16,102.179,103.893,0.447,56.25,42.5,19.8,18.7,32.4,70.8,36.4,35.2,49.3,2.191,10.783,0,49.5,86.7
"468",2015,"Xavier",6,115.283,96.6313,0.886,61.76471,38.1,18,19.2,31.3,72.9,34.9,35,62.9,1.566,30.82,2,68.2,69.9
"469",2015,"Wyoming",12,104.478,98.0741,0.642,71.875,41,18.7,18.1,22.1,73.1,32.3,34.4,66.6,2.321,16.07,0,56.7,73.6
"470",2015,"Wofford",12,104.909,98.5115,0.648,81.25,38,17.3,20.1,29.3,72.3,37.1,30.8,56.7,1.986,14.245,0,56.3,73.5
"471",2015,"Wisconsin",1,126.815,93.2904,0.974,91.17647,35.6,12.4,16.7,31.9,76.3,35.7,36,50.2,2.077,30.284,5,91.1,66.5
"472",2015,"Wichita St.",7,114.962,93.3065,0.925,87.09677,35.4,15.2,21.6,34.8,73,35.9,34.4,56.5,1.835,18.668,2,79.3,71.5
"473",2015,"West Virginia",5,113.252,94.4993,0.88,71.875,40.4,18.7,28.2,40.9,68.9,31.9,36.5,57.2,1.361,29.931,2,69.9,68.6
"474",2015,"Virginia",2,115.318,84.4292,0.972,90.625,34.2,16.1,18.1,34,75.7,36.1,30.3,54.3,1.652,30.179,1,89.5,67.7
"475",2015,"Villanova",1,122.473,91.5163,0.961,94.11765,42.4,16.6,21.7,32.7,68.9,38.9,30.8,62.8,1.885,27.643,1,86.3,66.2
"476",2015,"VCU",7,110.62,94.1043,0.848,74.28571,37.5,15.7,23.8,31.7,69.2,34.2,34.4,50.7,1.389,24.351,0,68.9,80.4
"477",2015,"Valparaiso",13,106.629,95.6594,0.775,83.33333,36.7,19.1,18.6,35,72.4,38.1,33,51.4,1.324,11.044,0,61.4,69.6
"478",2015,"Utah",5,116.433,89.5299,0.951,74.19355,42.8,17.8,18.3,31.3,71.9,40.2,31.6,57.7,1.554,27.56,2,79.2,70.2
"479",2015,"UCLA",11,112.266,98.1315,0.813,60.60606,36.3,17.5,18.5,33.8,71.9,36.3,35.5,54.1,1.187,29.935,2,68,74.4
"480",2015,"UC Irvine",13,105.818,98.9592,0.706,61.29032,31,18,17.3,29.8,69.3,38.3,33.6,56.5,2.025,16.828,0,56.8,79.1
"481",2015,"UAB",14,104.585,101.758,0.54,54.54545,37.2,20.4,19.8,34,66.9,33.2,31.8,59.7,0.971,16.263,1,52.5,78.9
"482",2015,"Texas Southern",15,103.049,106.918,0.36,64.70588,46.5,19.9,18.7,34,65.8,32,34.2,46.6,2.325,17.067,0,48.3,89.5
"483",2015,"Texas",11,112.877,92.759,0.9,60.60606,36.9,20,14.2,38,71,33.9,34.8,55.6,1.625,31.601,0,79.1,73.8
"484",2015,"Stephen F. Austin",12,114.494,100.484,0.801,86.66667,42.4,20.3,24.4,37.7,70.1,38.1,33.6,65,1.923,12.66,0,64.6,77.2
"485",2015,"St. John's",9,110.125,95.8018,0.857,64.51613,36.2,15.7,19.5,27.8,64.6,35.1,32.4,49.3,2.382,32.181,0,63.1,78
"486",2015,"SMU",6,113.524,95.4867,0.867,81.25,44.1,19.7,20,36.9,70.7,36,32.2,63.1,1.991,20.21,0,71.7,72.7
"487",2015,"San Diego St.",8,104.401,88.1829,0.87,75.75758,36.2,18.6,21.5,35.9,69.8,32.1,30.6,47.1,1.819,19.89,1,73.6,72.8
"488",2015,"Robert Morris",16,102.327,103.869,0.421,57.57576,36,20.5,21.7,31.2,64.2,38,33.4,50.4,1.491,11.81,0,49.4,89.2
"489",2015,"Purdue",9,110.824,96.8436,0.853,63.63636,42.5,20,17.8,36.2,68.9,33.5,35,61.3,1.2,29.197,0,64,73.8
"490",2015,"Providence",6,112.954,95.3871,0.88,66.66667,41.6,17.9,19.7,35.3,70.5,31,33.3,57.5,1.423,33.586,0,68.3,69.7
"491",2015,"Oregon",8,114.457,101.273,0.806,72.72727,29.5,17,16.8,30.6,68.3,36.7,33.3,51.4,1.384,26.458,1,63.1,74.2
"492",2015,"Oklahoma St.",9,111.825,95.6458,0.843,56.66667,39.7,18.6,21.2,26.9,66.9,34.6,34.3,50.5,1.99,32.538,0,64.4,71.5
"493",2015,"Oklahoma",3,111.785,87.6854,0.935,68.75,32.7,17.7,20.2,30.9,68.5,34.3,30.9,48.9,1.824,33.364,2,79.5,65.9
"494",2015,"Ohio St.",10,115.312,94.3058,0.916,69.69697,34.8,17,22.1,34.1,68.6,37.2,31.8,55.6,1.599,28.047,1,77.2,74.4
"495",2015,"Notre Dame",3,124.623,100.552,0.927,85.29412,37.1,14.4,17.4,28.1,68.4,39.2,32.9,54.4,1.767,30.379,3,79.9,68.5
"496",2015,"Northern Iowa",5,115.17,94.2192,0.92,90.90909,40.2,18,19.3,26.9,73.1,39.7,31.6,53.6,2.165,17.742,1,71.1,68.2
"497",2015,"Northeastern",14,107.892,103.071,0.653,67.64706,42.2,21.4,15.6,29.6,74.4,38.8,34.4,59.8,1.913,12.624,0,54.1,79.3
"499",2015,"North Dakota St.",15,102.68,102.079,0.489,70,36.2,15.9,16.6,26.5,76.6,37.8,36.4,42.9,1.33,11.808,0,50.6,84.8
"500",2015,"North Carolina St.",8,114.001,98.6377,0.852,60.60606,36.1,16.2,15.4,34.1,69.5,36.1,33.2,46.7,1.343,32.14,2,67.5,73.9
"501",2015,"North Carolina",4,117.921,94.1249,0.95,68.57143,34.7,18.2,17.8,39.9,69.5,34.5,29.8,60.9,1.309,38.128,2,83.1,67
"502",2015,"New Mexico St.",15,106.825,99.8197,0.672,67.74194,44.8,21.9,20.5,39.5,69.3,36.3,29.5,49.9,1.627,12.832,0,58.5,82.8
"503",2015,"Mississippi",11,114.568,100.141,0.816,62.5,37.5,16.9,18.9,35,68.3,33.8,34.9,52.2,2.28,25.591,0,62.7,72.5
"504",2015,"Michigan St.",7,115.973,95.052,0.922,67.64706,31.9,17.9,17,34.6,74,38.6,32.3,64.6,1.848,31.101,4,80.9,73.3
"505",2015,"Maryland",4,111.125,94.9328,0.859,81.81818,44.5,18.4,17.3,29.2,69.6,37.2,31.2,48.6,1.54,29.027,1,69.6,69.7
"507",2015,"LSU",9,108.743,94.7996,0.823,68.75,33.4,20.5,19.2,34,67,33.9,31.3,57.7,1.072,22.949,0,66.7,73.1
"508",2015,"Louisville",4,108.601,88.176,0.926,75,38.8,17.8,21.8,35.1,69.1,30.4,29.3,47.8,1.458,32.346,3,82,66.2
"509",2015,"Lafayette",16,112.691,114.45,0.421,61.29032,31,16.9,16.9,27.6,65.6,41.4,37.6,58.2,2.091,11.111,0,48.8,86.1
"510",2015,"Kentucky",1,121.27,83.8367,0.983,100,43.8,16.4,21.8,40.4,68.4,35,27.4,56.6,0.732,27.097,4,95.1,63.1
"511",2015,"Kansas",2,114.271,90.5293,0.926,76.47059,43,19.1,17.5,34.9,68.2,37.5,30.9,54.9,0.974,37.228,1,83.7,70.8
"512",2015,"Iowa St.",3,120.166,97.135,0.909,75.75758,37.4,15.8,18.5,28.5,70.8,36.6,35.2,58.3,1.984,33.687,0,79.8,66.9
"513",2015,"Iowa",7,113.359,95.1085,0.909,65.625,39.6,17.4,19.3,35.8,69.5,33.2,32.4,60.7,2.113,30.508,0,71.3,73.4
"514",2015,"Indiana",10,119.285,105.478,0.833,60.60606,32.7,17.1,16.1,35.3,68.7,40.3,32.8,51.5,0.981,28.304,0,62.6,79.9
"515",2015,"Harvard",13,103.686,94.9442,0.696,74.07407,39,18.7,19.9,32.3,72.2,34.1,33.4,56.6,2.196,14.711,0,57.7,79.9
"516",2015,"Hampton",16,96.0398,104.551,0.264,48.48485,43.4,20.5,20.1,32.8,69.1,30.4,34.4,46.5,2.033,9.527,0,45.6,94.7
"517",2015,"Gonzaga",2,121.92,92.9958,0.952,93.93939,39.1,16.3,17.6,33.9,71.4,40.8,32.3,57.5,2.111,20.733,3,86.1,66.3
"518",2015,"Georgia St.",14,110.463,100.687,0.764,71.875,38.4,16.5,22.8,30.5,65.5,31.9,32.6,52,2.178,13.113,1,61.8,75.9
"519",2015,"Georgia",10,109.524,94.1302,0.842,65.625,47.8,19.3,16.8,32.3,71.1,34.4,31,55.4,1.866,28.552,0,64.3,81.7
"520",2015,"Georgetown",4,113.166,93.597,0.887,67.74194,44.1,19.2,20.6,34.3,68.7,34.7,35.9,54.4,1.639,32.914,1,73,68
"521",2015,"Eastern Washington",13,112.165,109.197,0.586,74.19355,35.6,15.9,17.7,29.3,69.4,39.6,38.4,46.5,1.901,12.026,0,53.4,73.5
"522",2015,"Duke",1,124.253,94.9453,0.966,87.87879,40.2,16.8,18.7,37.4,69.9,38.6,32,54.2,1.062,33.93,6,89.4,66.6
"523",2015,"Dayton",11,108.983,95.0972,0.792,75.75758,48.6,17.8,21.1,24.2,72,35.1,31.8,60.8,1.54,18.021,1,61.8,72.7
"524",2015,"Davidson",10,120.481,103.662,0.853,76.66667,29,14.3,17.3,29.8,69.9,39.3,29.8,60.9,1.323,20.72,1,65.8,75.1
"525",2015,"Coastal Carolina",16,105.424,103.803,0.539,68.96552,39.6,17.8,17,35.2,72.4,35.4,33.5,46.4,1.931,9.135,0,53.6,90.8
"526",2015,"Cincinnati",8,108.353,94.1045,0.833,68.75,37.8,21.3,20.3,37.3,68.3,33.3,32.9,53.1,1.474,18.539,1,65.2,74.8
"528",2015,"Butler",6,110.554,90.9269,0.899,68.75,40.5,17.4,19.3,35.5,75.1,35.8,30.6,47.4,1.934,31.075,1,70.3,78.7
"529",2015,"Buffalo",12,111.344,99.0045,0.777,71.875,42.3,16.4,19.8,34.7,69.6,34,33,51.5,1.737,17.477,0,60.5,71.3
"531",2015,"Belmont",15,109.115,107.619,0.522,67.74194,33,20.3,18.7,29.2,70.5,37.9,34.3,58.9,1.468,11.943,0,52,88.2
"532",2015,"Baylor",3,117.192,93.7123,0.927,71.875,38.8,19.6,19.6,41.8,68.3,38.2,29.8,59.9,1.871,31.828,0,77,70.5
"533",2015,"Arkansas",5,114.941,97.964,0.857,76.47059,37.3,16.6,22.6,35.6,65.8,35,35.3,58.9,1.74,25.539,1,70.1,68.9
"534",2015,"Arizona",2,118.227,85.9123,0.965,91.17647,47.1,16.7,21.1,34.1,77.7,36,32.8,53.2,1.481,24.455,3,91.1,66
"535",2015,"Albany",14,106.463,103.431,0.572,75,39.9,19,20.3,32.5,74.5,36,36.5,47.3,1.654,9.985,0,52.5,78.1
"536",2016,"Yale",12,109.51,95.6837,0.812,77.77778,42.1,20.1,18.2,39.2,76,37.1,31.8,57.6,2.27,15.942,1,64.9,75.9
"537",2016,"Xavier",2,117.096,95.3858,0.922,84.375,42.9,17.5,19.4,35.7,73.7,36.2,31.5,59.8,1.534,29.509,1,75,67.5
"538",2016,"Wisconsin",7,111.769,95.4038,0.837,62.5,39.7,17,18.8,33.6,71.8,35.8,38,49.4,1.348,29.577,2,70.8,69.6
"539",2016,"Wichita St.",11,111.743,90.5918,0.919,74.19355,37.8,14.8,23.2,31.9,76.4,32.9,32.7,57.3,1.873,18.276,1,76.8,78.3
"540",2016,"West Virginia",3,116.39,90.4754,0.944,76.47059,46.1,19.6,25.5,41.9,72.8,32.9,33.2,54.2,1.724,34.85,0,78,69.1
"541",2016,"Weber St.",15,103.593,100.851,0.593,74.19355,46.6,19.7,15.5,26,74.8,36,35.2,52.1,1.391,9.167,0,55.7,74.6
"542",2016,"Virginia",1,120.224,91.1288,0.954,78.78788,32.4,15.3,19.7,30.6,74.1,40.5,34.9,55.7,1.985,36.199,3,85.8,65.2
"543",2016,"Villanova",2,118.299,91.552,0.959,85.29412,34.3,16.4,20.4,28.6,71.3,34.4,33.5,60.7,1.709,30.779,6,81.9,66.5
"544",2016,"VCU",10,110.984,94.769,0.878,70.58824,32.3,16.2,21.9,33.3,72.2,35.6,33.6,51.2,2.092,20.513,1,65.9,68.6
"546",2016,"Utah",3,115.673,97.5601,0.875,75.75758,38.4,17.8,15.2,29,72,36,36.8,56.9,2.011,30.751,1,76.3,69.1
"547",2016,"USC",8,113.901,99.116,0.848,63.63636,35.3,16.5,16.9,32.4,68.1,38.5,32.3,51.3,1.247,26.984,0,66.3,73.4
"548",2016,"UNC Wilmington",13,110.051,100.792,0.707,76.66667,35.9,16,20.1,32.1,70.1,34.1,34.1,47.5,1.606,13.73,0,58.5,79.7
"549",2016,"UNC Asheville",15,103.529,99.3166,0.549,64.51613,42.4,18.6,22.4,31.6,70.6,32.2,28.8,46.3,1.148,10.414,0,53.1,80.8
"551",2016,"Texas Tech",8,113.846,99.1212,0.82,61.29032,43.1,17.7,18.9,31.7,67.6,34.5,35.2,53.2,1.716,32.532,0,62.7,73.6
"552",2016,"Texas A&M",3,114.159,92.3528,0.918,76.47059,37.5,17.2,20.9,35,70,35,32.9,63.4,1.815,27.831,2,77.5,64.1
"553",2016,"Texas",6,112.821,95.7146,0.859,62.5,39.7,15.4,18.5,30.7,67.7,33.9,34.3,46.5,1.958,36.005,0,68.5,66.3
"554",2016,"Temple",10,106.619,98.2712,0.716,65.625,27.1,13.7,16.6,29,70.2,34,31.4,54.7,2.186,24.923,0,57.1,74.6
"555",2016,"Syracuse",10,111.357,95.507,0.86,59.375,35.5,18.3,20.6,33,64.7,36.1,30.4,58.7,1.713,30.281,4,67.7,71.1
"556",2016,"Stony Brook",13,107.481,98.9433,0.697,80,32.5,17.2,18.5,34.4,74.2,37.5,34.2,58,2.267,11.251,0,59.8,83.8
"557",2016,"Stephen F. Austin",14,111.339,96.9336,0.772,82.14286,33.9,18.2,25.9,33.5,70.3,37.5,33.2,64.4,2.171,9.477,1,64.2,77.2
"559",2016,"South Dakota St.",12,110.826,101.245,0.744,77.41935,40.6,17.1,17.1,32.4,74.5,36.2,33.1,44.2,1.889,12.136,0,58.6,79.7
"560",2016,"Seton Hall",6,111.433,93.7641,0.893,75.75758,40.6,19.5,19.2,35,69.3,35.3,31.6,51.3,1.139,30.728,0,70.2,77.7
"561",2016,"Saint Joseph's",8,113.435,98.7988,0.854,79.41176,37.7,14.3,16.2,28.3,74.2,32.7,31,55.5,1.79,21.526,1,66.6,71.7
"562",2016,"Purdue",5,117,92.4061,0.933,76.47059,35.1,17.5,13.8,35.3,76.7,36.8,31.3,64,1.518,26.889,0,79.6,69.6
"563",2016,"Providence",9,109.321,95.7275,0.826,69.69697,37.7,16.3,20.7,30.9,69.8,32.1,32.1,63,1.133,31.166,1,65.3,72.5
"564",2016,"Pittsburgh",10,115.484,99.2827,0.864,64.51613,36.6,17.4,17.1,37.4,72.5,35.1,35.8,62.9,2.072,31.513,0,64.9,72.1
"565",2016,"Oregon St.",7,110.836,98.3992,0.785,60,37.2,16.8,19.5,29.4,67.7,37.3,32.8,52.8,1.608,30.461,0,62.3,72.2
"566",2016,"Oregon",1,119.63,96.8455,0.904,81.81818,40.2,16.3,20.6,34.6,68.7,35.1,36.4,49.9,1.495,27.638,3,75.9,64.2
"567",2016,"Oklahoma",2,117.285,92.4357,0.938,78.125,33.6,18,17.6,30.5,70.2,42.6,34,52.6,2.158,35.834,4,84.2,64.8
"568",2016,"Notre Dame",6,119.69,103.709,0.824,65.625,33.2,14.8,14.8,32.8,68.7,36.9,37.6,49.6,1.721,31.682,3,73.3,69.6
"569",2016,"Northern Iowa",11,108.298,98.2039,0.777,63.63636,32.8,15.2,18.7,17.8,72.8,37.2,32.6,50.7,2.207,21.49,1,58.4,71.3
"570",2016,"North Carolina",1,121.139,93.1009,0.942,82.35294,32.2,15.4,18.6,39.8,70.1,31.4,36,58.5,1.854,32.034,5,86.8,66.5
"571",2016,"Middle Tennessee",15,103.144,99.21,0.605,70.96774,35.7,17.2,19.4,28.2,74.5,38.9,34.1,50.3,1.752,12.345,1,53.6,87.5
"572",2016,"Michigan St.",2,123.022,93.3408,0.945,85.29412,30,17.5,14.2,37.2,75.8,43.4,30.2,71.4,1.818,26.632,0,89.4,65.8
"573",2016,"Michigan",11,115.094,100.54,0.834,63.63636,28.4,14.7,17.7,24.4,73.7,38.4,34.7,56.7,1.418,29.236,0,64.1,74.5
"574",2016,"Miami FL",3,118.848,95.9995,0.926,78.125,40,16,17.5,30.5,70.8,36.6,33.6,49,2.218,32.355,2,76.5,68
"575",2016,"Maryland",5,116.294,95.5806,0.885,75,35.7,19.1,16.5,30.2,70.5,37.6,32.3,52.9,1.774,28.313,2,80.1,69.4
"576",2016,"Little Rock",12,108.951,95.6244,0.783,87.09677,31.4,15.9,21.4,26.9,69.9,38.7,30.1,51.5,2.35,13.219,1,62.1,78.2
"577",2016,"Kentucky",4,122.508,97.3082,0.943,76.47059,38.3,16.1,17.9,37.8,68.3,37,33,50.5,0.956,28.159,1,86.7,69
"578",2016,"Kansas",1,120.379,90.575,0.961,87.87879,39,17.8,19.1,32.2,71.2,42.2,33,54.9,1.863,35.686,3,88.4,65.4
"579",2016,"Iowa St.",4,121.033,99.9576,0.906,65.625,25.5,16,17.1,27.3,69.3,38,33.6,53,2.427,34.953,2,77.5,68.5
"580",2016,"Iowa",7,116.298,94.9421,0.911,67.74194,33.4,15,18.9,32.3,68.6,38.2,31,58,2.125,29.23,1,71.7,67.9
"581",2016,"Iona",13,110.602,102.768,0.66,68.75,32.5,17.6,19.4,29.4,68.7,37.2,35.5,60.7,2.184,13.931,0,57.2,76.7
"582",2016,"Indiana",5,120.855,98.0589,0.912,78.125,33.3,19.8,18.9,37.7,71.3,41.5,34.3,54.7,1.749,23.197,2,80.6,69.2
"583",2016,"Holy Cross",16,97.0369,108.525,0.239,42.42424,36.1,16.6,20,23.6,70.4,32.7,36.5,62.3,1.649,9.645,0,42.5,75.8
"584",2016,"Hawaii",13,108.243,96.5071,0.784,83.33333,46.3,18.4,19.9,30.9,73.3,32.8,31.3,60.3,2.152,13.153,1,61.5,79.6
"585",2016,"Hampton",16,99.7519,106.561,0.269,66.66667,42,18.9,16.9,34.9,72.6,30.9,33.2,47.7,2.293,8.629,0,47.3,85.5
"586",2016,"Green Bay",14,108.225,104.236,0.568,63.63636,42.2,15.6,20.9,31.3,68.2,35,36.3,48,2.069,15.675,0,53.6,76.2
"587",2016,"Gonzaga",11,116.44,97.1644,0.904,78.125,35.9,16.5,14.9,31.9,74.1,37.6,30.3,49.6,1.788,20.236,2,79.1,72.8
"588",2016,"Fresno St.",14,107.084,100.385,0.652,71.875,38.1,14.9,20.8,30.3,71,34.3,32.9,50,2.293,17.899,0,55.7,76.1
"589",2016,"Florida Gulf Coast",16,102.917,104.307,0.48,55.17241,36.4,16.9,16.2,31.5,72.5,34.6,31,45.7,1.331,11.006,0,50.9,86.6
"591",2016,"Duke",4,121.786,99.7328,0.918,69.69697,40.2,14.3,17.7,34,65.5,38.7,33.9,49.2,1.063,32.331,2,81.8,66.9
"592",2016,"Dayton",7,106.934,93.5907,0.838,78.125,41,18.8,17.9,28.9,76.4,34.7,34.9,57.5,1.562,20.789,0,63.7,75.2
"593",2016,"Connecticut",9,111.651,92.899,0.874,70.58824,29.7,16.5,18.1,29.1,70.8,36.2,32.7,52.3,1.968,23.62,1,70.4,71
"594",2016,"Colorado",8,108.785,95.1948,0.803,65.625,40,18.8,15.4,35,75.4,38.9,35.3,53.4,1.771,26.719,0,63.4,76.8
"595",2016,"Cincinnati",9,110.035,92.8755,0.872,68.75,33.5,16.4,20.6,36.8,69.4,34.5,35.6,60.1,1.92,23.448,0,68.8,69.6
"596",2016,"Chattanooga",12,107.156,99.7384,0.651,84.375,42,17.9,20.3,32.4,71.1,36.1,33,55.7,2.305,11.639,0,56.4,80.8
"597",2016,"California",4,112.902,93.2625,0.899,69.69697,41.6,17.5,14.1,32.4,74.3,36.9,35.1,48.9,1.439,27.208,0,81.2,70.4
"598",2016,"Cal St. Bakersfield",15,103.37,96.8714,0.709,72.41379,38.5,18.1,21.8,34,70.4,34.6,32.6,57.8,1.895,10.513,0,57.2,82.6
"599",2016,"Butler",9,117.318,101.468,0.877,67.74194,39.8,14.5,18.6,32.8,72.2,38.7,33.9,51.3,2.128,29.739,1,66.3,69.8
"600",2016,"Buffalo",14,105.541,102.83,0.55,57.57576,41.7,18.9,17.7,32.2,71.4,33.5,34.4,48.6,1.454,17.81,0,52.3,76.7
"601",2016,"Baylor",5,118.756,98.8407,0.877,65.625,39.2,18.9,19.8,40.2,71.2,37.4,37.1,63.8,1.878,35.471,0,75.7,70.6
"602",2016,"Austin Peay",16,104.005,109.104,0.327,48.48485,46.5,20.4,18.8,31.8,70.3,34.9,36.4,50.4,1.667,12.023,0,46.3,88.1
"603",2016,"Arizona",6,117.368,95.4851,0.905,75.75758,44.1,17.9,16.2,35.1,75.1,38.3,32.1,51.6,2.016,25.107,0,80.4,76
"604",2017,"Xavier",11,114.744,99.4255,0.867,61.76471,41.2,18.6,17.8,35.2,75,34,33.8,57.5,1.708,32.401,3,70.2,70.5
"605",2017,"Wisconsin",8,113.589,91.2963,0.923,73.52941,32,16.8,19.9,35.5,74.6,35.5,37.7,51.6,2.056,31.468,2,76.6,71.6
"606",2017,"Winthrop",13,106.436,101.809,0.601,80,38.9,17.9,18.7,27,71.3,38,31.8,48.4,2.203,9.847,0,55.1,71.6
"607",2017,"Wichita St.",10,119.636,93.2236,0.934,87.87879,40.9,15.9,19.8,33.9,75.8,40.7,31,59,1.45,17.09,1,76.3,72
"608",2017,"West Virginia",4,116.472,89.6731,0.951,76.47059,38.2,16.9,28.1,37.7,67.6,36.1,34.9,57.7,1.953,32.564,2,80.7,67.1
"610",2017,"Virginia Tech",9,117.358,102.419,0.83,68.75,40.5,17.2,16.6,23.4,70.1,40.3,36,55.9,1.923,32.173,0,62.1,79.3
"611",2017,"Virginia",5,113.686,87.0194,0.959,68.75,25.7,15.6,21,28.7,75.8,39.3,31.2,57.2,1.562,35.989,1,81.8,70
"612",2017,"Villanova",1,122.753,91.9756,0.962,91.17647,35.3,17.1,20.2,29.6,72.4,37,31.3,53.2,1.845,30.578,1,86.6,67.1
"613",2017,"Vermont",13,110.832,98.9477,0.77,84.84848,34.9,17.1,19.7,30.1,73.1,36.7,34.5,49.2,1.935,12.311,0,61.2,80.3
"614",2017,"VCU",10,110.018,95.716,0.797,76.47059,36.3,17.9,21,31.4,72.5,33.4,33.8,56.7,2.26,18.914,0,62.9,78.8
"615",2017,"Vanderbilt",9,112.303,96.065,0.876,55.88235,34.9,18.3,16,25,72.9,37.7,33.6,55.5,1.834,33.443,0,63.7,72.7
"616",2017,"USC",11,112.508,100.168,0.78,72.72727,37.2,15.7,18,30.8,68.8,36.3,36.5,56.3,1.068,23.057,1,60.9,79.3
"617",2017,"UNC Wilmington",12,117.706,105.319,0.786,84.375,30.9,13.9,20.3,32.5,71.2,36,33.7,51.9,2.068,13.569,0,60.7,80.4
"618",2017,"UCLA",3,122.757,99.8057,0.913,87.87879,26.9,15.4,16.2,29.4,71.7,40.5,36.2,63.7,1.438,23.941,2,82.6,68.4
"619",2017,"UC Davis",16,97.8508,102.603,0.411,62.5,41.1,20.2,20,29.6,71.7,35.1,32.7,51.9,2.206,9.044,0,47,85.8
"620",2017,"Troy",15,109.892,107.217,0.548,58.82353,40.6,17.6,17.7,30.6,70.4,35.5,33.7,48.1,2.045,11.532,0,51.8,83.8
"621",2017,"Texas Southern",16,103.622,107.286,0.368,67.64706,44.9,16.6,19.3,32.3,65.6,29.7,32.4,47.4,2.001,15.142,0,48.9,86.3
"622",2017,"South Dakota St.",16,110.782,112.116,0.42,50,40.6,18.3,16.3,27.4,71.2,36.1,37.3,51.6,1.779,13.118,0,48.3,89.2
"623",2017,"South Carolina",7,105.546,88.5163,0.882,67.74194,39.9,19,24.5,33.8,68.4,33.4,29.6,51.3,1.537,27.468,4,70.4,72.6
"624",2017,"SMU",6,120.073,94.8141,0.939,88.23529,36.5,17,18.3,37.5,73.7,40.6,32.2,62.5,1.875,22.062,0,79.7,69.2
"625",2017,"Seton Hall",9,109.8,95.8517,0.809,65.625,37.9,19.4,17.6,35.3,74.6,33.7,34,46.6,1.777,32.687,0,63,71.8
"626",2017,"Saint Mary's",7,118.894,94.2568,0.932,87.5,26.6,17.3,15.4,33.4,78.6,39.9,30.3,63.7,1.957,18.282,1,78.3,71
"627",2017,"Rhode Island",11,110.668,95.0527,0.848,72.72727,39.6,16.6,19.5,33.1,70.7,34,29,51.5,1.795,20.094,1,67.2,76.2
"628",2017,"Purdue",4,116.912,92.6889,0.933,78.125,34.3,18.4,17,30.9,75.5,40.6,32.3,64.9,1.555,29.59,2,82.2,70.1
"630",2017,"Princeton",12,109.396,96.8962,0.785,78.57143,24.9,15.2,20.6,24.2,75.3,38.1,34.4,54.2,2.006,13.417,0,60.1,73.3
"631",2017,"Oregon",3,117.728,93.9002,0.921,84.84848,34.4,17,20.1,32,70.2,37.9,31.1,58.4,1.779,23.71,4,84.8,67.8
"632",2017,"Oklahoma St.",10,124.834,102.73,0.918,61.29032,37.8,18.3,20.8,38,67.8,40.3,35.5,51,1.534,38.667,0,71.7,77.2
"633",2017,"Notre Dame",5,118.891,97.7973,0.922,73.52941,28.2,13.9,18.8,27.4,69,38.6,33.7,58.1,2.068,34.028,1,70.6,69.9
"634",2017,"Northwestern",8,111.189,95.6778,0.863,67.64706,30.8,15.9,18,30.9,69.3,34.1,33.5,60.3,1.685,28.272,1,65.6,73.2
"635",2017,"Northern Kentucky",15,106.647,105.311,0.536,68.75,37.3,19,17,31.3,73.7,36.1,32.8,51.9,1.277,10.902,0,51.3,85.5
"636",2017,"North Dakota",15,102.854,103.166,0.486,67.85714,36.6,18.7,20,26.2,72.1,38.4,34.8,52.6,1.823,8.396,0,50.1,82.7
"638",2017,"North Carolina",1,122.075,94.0654,0.953,78.78788,33.1,16.4,18.7,42,74.9,36.7,34.2,59,1.917,35.516,6,86.6,64.2
"640",2017,"New Mexico St.",14,110.052,102.738,0.687,83.33333,44.1,19.7,19.2,36,71.7,33.4,30,56.1,1.778,10.347,0,58,79.9
"641",2017,"Nevada",12,114.477,101.135,0.791,82.35294,41.8,15.7,15.9,30.6,73.8,38.5,30.7,60.2,1.63,15.312,0,64.1,77.2
"642",2017,"Mount St. Mary's",16,98.9775,103.211,0.403,55.88235,32.8,19.2,21.7,23,65.5,35.7,34.4,45.6,1.461,15.979,0,46.8,86.4
"643",2017,"Minnesota",5,109.574,92.9833,0.87,72.72727,39.5,16.2,17.7,30.1,70,34.5,30.5,57,1.272,28.647,0,66.6,69.6
"644",2017,"Middle Tennessee",12,111.64,96.9823,0.828,87.87879,29.7,15.6,20.2,30.2,75.7,37,32.5,53.7,2.099,12.053,1,64.5,68.8
"645",2017,"Michigan St.",9,110.569,95.5936,0.846,57.57576,33.8,20.7,16.1,29.3,72.7,37.6,34.7,65.9,1.115,33.378,1,69.6,75.2
"646",2017,"Michigan",7,121.592,98.9742,0.924,68.57143,30.5,14.6,20.1,25.3,70.6,38.1,37.8,52.5,2.007,31.879,2,74.1,76.8
"647",2017,"Miami FL",8,110.386,93.4254,0.89,65.625,34.3,19.6,18.3,33.7,72.1,35.9,33.1,48.1,1.45,33.96,0,70.6,75.7
"648",2017,"Maryland",6,113.565,98.7271,0.847,74.19355,38.6,19.1,17.9,30.6,67.7,36.7,34,56.7,1.171,27.505,0,64.6,74.2
"649",2017,"Marquette",10,120.943,103.371,0.886,61.29032,31.1,17.1,18.5,27.3,71.1,43,36.9,57.4,1.671,30.575,0,64.6,74.4
"650",2017,"Louisville",2,117.179,90.4602,0.952,75,34.8,16.1,19.8,36.3,71.3,35.9,30.9,48.7,1.588,35.79,1,86.4,67.9
"651",2017,"Kentucky",2,119.139,91.8728,0.954,85.29412,41.7,16,19.4,34,72.8,35.3,30.7,51.5,0.935,30.841,3,86.8,66.8
"652",2017,"Kent St.",14,104.421,102.687,0.536,61.76471,33,18.1,19.3,38.1,70,31.4,35,45.5,1.629,11.162,0,53.3,81.6
"653",2017,"Kansas St.",11,112.038,94.4839,0.886,60.60606,40.6,19.2,22.4,29.5,67.5,36.1,38.3,60.5,1.595,34.368,0,67.1,77.5
"654",2017,"Kansas",1,120.833,94.8585,0.943,87.5,36.8,18.1,18.6,34.3,69.6,40.5,35.7,55.1,1.763,35.994,3,86,67.4
"655",2017,"Jacksonville St.",15,105.363,104.78,0.475,56.25,33.8,20.7,16.8,31.5,72,36.7,37.9,56.5,1.785,12.694,0,50.5,85.4
"656",2017,"Iowa St.",5,119.541,96.4283,0.919,69.69697,27.6,14.1,20,26.1,68,40.2,34.8,53.8,2.508,39.139,1,76.1,72.2
"657",2017,"Iona",14,110.197,106.195,0.59,64.70588,31.2,16.5,18,26.9,68.3,39.7,36,55.8,1.928,12.569,0,53,83.4
"658",2017,"Gonzaga",1,120.711,87.6571,0.972,96.9697,38.2,15.9,17.7,29.9,74.6,38.2,30,52.8,1.78,19.459,5,89.5,64.9
"659",2017,"Florida St.",3,116.738,93.9951,0.915,75.75758,37.7,16.3,19.8,34,69.6,35.6,34.4,49.4,1.262,32.378,1,80.7,66.9
"660",2017,"Florida Gulf Coast",14,109.563,104.547,0.622,76.66667,34,18.1,17.3,34.6,70.4,34,31.4,49.6,1.801,12.991,0,56.5,79.4
"661",2017,"Florida",4,115.851,89.4618,0.952,75,40.4,16.6,21.1,31.9,70.8,36.3,30.7,47.5,1.974,33.955,3,79.7,70.4
"662",2017,"East Tennessee St.",13,107.974,96.4902,0.758,78.125,43.8,20.6,22,30,72.9,38.2,35.6,53.9,2.526,13.051,0,60,78.8
"663",2017,"Duke",2,120.988,95.8991,0.943,77.14286,38.9,16.2,17.2,31.5,70.6,37.6,29.5,47.3,1.414,37.527,1,85.1,66.5
"664",2017,"Dayton",7,112.3,96.6262,0.826,76.66667,43.7,17.1,20.8,25.8,73,38.7,32.4,61.4,2.164,19.632,0,65.7,79.2
"665",2017,"Creighton",6,115.639,96.0487,0.902,72.72727,27.9,17.1,19.6,24.1,70.3,40.1,33.4,56.2,1.718,29.959,0,72.6,73.8
"666",2017,"Cincinnati",6,114.215,91.8982,0.926,85.29412,32.5,15.2,20.8,35.8,70.4,34.3,34.1,58.7,1.72,23.092,1,76,72.9
"667",2017,"Butler",4,117.971,97.0613,0.901,74.19355,36.2,15.1,20.1,28.1,72.2,36.3,33.4,49.2,2.01,32.565,2,72.5,65.5
"668",2017,"Bucknell",13,109.074,100.358,0.706,76.47059,37.2,18.8,19.7,26.8,72.6,37.7,34,54.3,1.413,12.194,0,57.3,78.3
"669",2017,"Baylor",3,117.289,92.281,0.931,77.41935,34.2,20.7,16.9,40,70.3,35.3,31.4,60.1,1.908,37.002,2,80.8,68.8
"670",2017,"Arkansas",8,116.639,101.04,0.821,73.52941,38.8,16.4,18.3,32.4,66.5,36.4,33.2,50.5,2.269,28.939,1,65.6,71.5
"671",2017,"Arizona",2,117.585,94.8418,0.918,88.23529,41,17,17.7,33.3,73.8,39.8,30.6,52.6,1.133,25.711,2,83.6,66.9
"672",2018,"Xavier",1,120.74,99.0492,0.927,84.84848,40.2,17,15.7,30,77.1,36.9,33.4,57.6,1.844,31.853,1,77.3,64.8
"673",2018,"Wright St.",14,101.068,98.251,0.59,71.875,36,18.6,21.1,28.8,75.1,34,34.9,53.3,1.455,11.684,0,51.7,74.1
"674",2018,"Wichita St.",4,121.925,101.857,0.877,78.125,35.1,16.4,16.4,35.2,77.3,38.5,36.3,63.8,2.303,24.125,0,79.5,67.4
"675",2018,"West Virginia",5,119.151,97.3766,0.929,70.58824,31.2,16.5,23.3,36.6,70,35.3,37.4,54.4,1.669,33.146,2,78.3,70.5
"676",2018,"Virginia Tech",8,115.016,98.3773,0.85,65.625,36.5,16.9,18.4,23.5,70.9,38.5,34.5,58.6,1.785,29.946,0,66.9,73.4
"677",2018,"Virginia",1,116.528,84.3753,0.971,93.93939,24.8,14.1,21,27.4,74.3,39,30.3,54.9,1.72,30.429,0,83.4,65.9
"678",2018,"Villanova",1,127.384,95.9749,0.966,88.23529,28.6,14.6,18.5,28.8,73.3,39.8,32.8,53.7,1.313,32.489,6,88.8,66
"679",2018,"UNC Greensboro",13,105.672,96.6156,0.699,77.41935,26.4,19.8,21.6,33.7,76.2,35.6,32.3,54,1.785,12.559,0,58.2,79.5
"680",2018,"UMBC",16,103.389,105.297,0.418,67.74194,30,16.9,20.7,26.4,71,38.2,35.9,58.1,1.951,11.536,1,48.3,83.2
"682",2018,"Texas Tech",3,114.03,92.0873,0.922,72.72727,40.3,18.1,22,33.3,71.6,36.6,32.8,51.8,1.786,31.897,3,79,66.4
"683",2018,"Texas Southern",16,105.281,112.94,0.298,44.11765,43.2,17.2,16,28.5,67.8,36.3,37.1,47.5,2.025,18.818,0,44.9,77.2
"684",2018,"Texas A&M",7,111.204,94.2949,0.869,62.5,32,19.2,15.9,34.3,71.7,32.7,32.4,55.8,1.551,33.417,2,71.6,67.8
"685",2018,"Texas",10,109.372,93.914,0.861,57.57576,33.2,17.1,18.3,29.4,70.5,31.5,33,44.8,0.957,36.484,0,65.7,73.7
"686",2018,"Tennessee",3,114.839,92.6901,0.921,75.75758,36.5,18,20.6,33.6,68.5,38.4,31.9,62.7,1.393,32.934,1,74.8,65.7
"687",2018,"TCU",6,120.625,101.705,0.882,65.625,34.1,17.7,17.6,34.5,74.1,40,37.9,62.6,2.036,31.458,0,70.2,71.4
"688",2018,"Syracuse",11,107.705,94.1122,0.823,60.60606,40.2,19.1,19.6,35.1,70.7,32.1,32.8,48.2,0.961,29.15,2,62.1,75
"689",2018,"Stephen F. Austin",14,104.983,99.4206,0.659,80,40,20.8,26.1,32.7,71.4,37.4,35.9,49.6,1.934,9.583,0,54.8,77.9
"690",2018,"St. Bonaventure",11,112.288,101.093,0.744,78.125,39.9,16.3,20.4,30.1,70.4,39.8,32,53.9,2.209,18.499,0,59.9,75.1
"691",2018,"South Dakota St.",12,114.629,104.038,0.79,80,35.8,13.8,14.3,24.7,77.1,39.2,33.8,45.6,2.117,15.634,0,57.8,75.8
"692",2018,"Seton Hall",8,116.335,98.9994,0.887,65.625,34.6,17.9,17.9,34.2,71.5,36.4,33.4,55.5,2.043,32.678,1,69.1,70.4
"693",2018,"San Diego St.",11,111.286,97.1358,0.841,67.74194,34.3,17,19.3,31.8,74.7,34.3,33.1,54.5,1.608,19.129,0,62.8,74.5
"694",2018,"Rhode Island",7,111.71,97.328,0.822,78.125,30.5,15.5,22.9,31,72.5,35,33.1,54.4,2.171,19.269,1,64.8,73.2
"695",2018,"Radford",16,103.581,103.629,0.453,62.5,31.6,18.6,20.2,32.2,71.7,35.1,34.2,51,1.584,12.213,0,50.6,88.5
"696",2018,"Purdue",2,123.248,96.5818,0.957,82.35294,36.1,15.6,17.7,27.7,71.8,42,33.7,59.3,2.106,30.493,2,81.7,65
"697",2018,"Providence",10,108.926,97.0075,0.797,61.76471,39.2,17.6,18.9,29.4,71.1,33.3,32.1,53.7,1.894,34.553,0,58.8,73.8
"698",2018,"Penn",16,103.553,99.8577,0.653,74.19355,33.6,16.6,17.1,24.2,77.3,34.7,29.7,55.6,1.833,10.435,0,54,82.7
"699",2018,"Oklahoma",10,115.128,100.709,0.855,58.06452,33.1,17.3,17.1,27.9,70,36.3,36.1,50.4,1.253,35.193,0,63.4,72
"700",2018,"Ohio St.",5,116.15,95.0408,0.923,75,31.5,17.3,18,30.3,75.1,35.3,34.6,52.8,1.815,29.904,1,75.3,67.4
"701",2018,"North Carolina St.",9,116.426,101.294,0.812,65.625,33.9,16.9,20.7,33.6,68.1,37.2,31.6,55.2,1.734,28.427,0,62.8,73.2
"703",2018,"North Carolina",2,121.959,96.9241,0.93,71.42857,28.6,16.8,16.2,38.4,74,36.4,38.3,60.9,1.844,39.014,1,81.4,63.7
"704",2018,"New Mexico St.",12,108.457,94.9001,0.811,83.33333,29.1,17.4,19.3,34.2,77.2,34,30.8,48.8,2.012,14.546,0,64.5,70.5
"705",2018,"Nevada",7,119.901,101.72,0.85,79.41176,37.1,13.9,18.2,27.4,70.9,39.8,31.2,58,2.161,19.663,2,69,73.3
"706",2018,"Murray St.",12,113.139,100.444,0.745,82.75862,37.1,17.3,18.2,32.5,72.8,37.4,30.8,53.3,1.887,10.363,0,62.7,77.8
"707",2018,"Montana",14,110.144,99.3132,0.72,77.41935,38.9,17.4,21.2,34,73.6,34.1,35.3,45.7,1.738,13.047,0,59.6,76.8
"708",2018,"Missouri",8,113.275,97.803,0.863,61.29032,38.2,20.7,16,30.8,71.7,39.2,32.3,56.2,1.805,29.725,0,68.1,71.2
"709",2018,"Michigan St.",3,119.983,93.6364,0.942,87.87879,36.3,19.2,14.5,36.1,73.2,41.3,33.3,67.3,1.323,27.212,1,87,66.4
"710",2018,"Michigan",3,115.9,92.7095,0.919,79.41176,30.3,13.9,19.4,26,75.6,36.4,34.3,54.7,1.626,32.027,5,77.6,66.8
"711",2018,"Miami FL",6,113.309,97.5988,0.869,70.96774,29.1,16.5,18.9,29,71.7,36.3,32.6,48.6,1.249,28.51,0,70.5,69.1
"712",2018,"Marshall",13,109.328,103.944,0.618,69.69697,32.9,17.2,18.2,22.3,68.4,35.5,34.8,58.5,1.443,16.115,1,54.1,78.3
"713",2018,"Loyola Chicago",11,111.331,96.1911,0.797,84.375,33.2,18.8,20,22.1,74.1,40,32.6,59.4,1.803,14.914,4,64,72.4
"715",2018,"Lipscomb",15,103.793,103.43,0.523,68.96552,41.2,20.1,19.8,28,75.9,33,33.5,54.3,1.601,15.067,0,49.7,80.3
"716",2018,"Kentucky",5,116.426,96.019,0.893,70.58824,42.8,18.6,17.1,35.6,68.7,36.1,29.9,49.5,0.189,31.972,2,80.8,70.2
"717",2018,"Kansas St.",9,112.178,97.4236,0.862,66.66667,33.6,17.2,21.4,26.1,67.8,34.4,33.2,55.4,1.344,31.68,3,61.8,72.8
"718",2018,"Kansas",1,120.933,97.6938,0.941,79.41176,26.2,16.6,18.5,29.1,68.3,40.3,32.7,56.4,1.783,34.024,4,82.9,66.7
"719",2018,"Iona",15,110.261,107.388,0.54,60.60606,30.4,16,18.8,24.4,69.5,38.8,35.5,56.5,2.223,11.688,0,51.2,87.7
"720",2018,"Houston",6,115.787,95.2473,0.895,78.78788,32.2,17.8,19.4,34.7,74.2,38.7,32.7,54.1,2.125,20.996,1,73.7,68.8
"721",2018,"Gonzaga",4,119.824,95.0891,0.924,88.23529,30.9,16,17.4,33,77.3,37.4,35.5,51,1.51,19.117,2,82.1,66.1
"722",2018,"Georgia St.",15,109.045,101.835,0.673,68.75,31.6,16.7,20.8,25.8,67.2,39.1,33.9,48.5,1.916,9.801,0,56.5,86.1
"723",2018,"Florida St.",9,115.822,99.9984,0.851,64.51613,36.1,17.6,19.1,33.2,69.9,35.1,36.4,52.2,1.607,29.762,3,67.1,71
"724",2018,"Florida",6,115.14,96.4262,0.907,62.5,33.1,14.3,20.1,28.8,69.2,37.5,35.7,49.2,1.885,31.853,1,73.8,67.7
"725",2018,"Duke",2,122.602,93.467,0.958,78.78788,34.9,17.7,16.9,39.1,70.8,37.8,32.1,57.3,0.688,31.36,3,89.6,64.7
"726",2018,"Davidson",12,117.399,102.494,0.816,65.625,24.5,14.5,16.2,22.7,76.6,39.1,35.2,61.6,1.744,18.185,0,62.1,79.6
"727",2018,"Creighton",8,116.454,99.1744,0.899,64.51613,27.1,15.4,15.8,21.8,75.3,37.6,33.2,58.4,1.695,32.808,0,68.2,70.4
"728",2018,"College of Charleston",13,109.887,105.153,0.543,77.41935,36.8,14.7,17.8,25.6,72,36.4,35.1,42.8,2.061,10.655,0,53.3,72.1
"729",2018,"Clemson",5,113.774,93.5052,0.882,71.875,34.1,17.9,17.7,27.4,73.3,36.6,35.5,52.2,2.022,31.364,2,69.6,69.2
"730",2018,"Cincinnati",2,113.155,86.158,0.947,88.23529,36.8,17.3,22.3,38.1,71.3,35.7,30.9,60.8,1.731,21.576,1,87.7,66.6
"731",2018,"Cal St. Fullerton",15,104.984,103.669,0.467,62.06897,46,20.6,18.4,26.5,71.1,34.3,36.3,49.9,1.488,12.991,0,50.7,80.5
"732",2018,"Butler",10,115.758,97.8916,0.898,60.60606,26.3,15.7,19.8,27.3,75.3,35.6,37.4,47.9,1.614,35.194,1,67.9,69.7
"733",2018,"Buffalo",13,114.284,103.791,0.763,75.75758,30.3,16.6,18.2,32,71.4,37.2,33.3,54.6,1.751,14.057,1,59.9,79.4
"734",2018,"Bucknell",14,109.182,102.368,0.652,73.52941,42.4,17.1,17.1,27.2,72.6,34.3,33.2,52.2,1.977,12.477,0,56.3,85
"735",2018,"Auburn",4,118.196,97.5614,0.895,78.125,39.9,16.7,20.8,33,71.7,36.6,35.4,53.3,1.241,25.991,1,72.8,64.9
"736",2018,"Arkansas",7,117.32,101.685,0.855,67.64706,37.3,15.3,19.4,29.4,68.4,40,35.5,49.9,2.109,30.695,0,64.5,73
"738",2018,"Arizona",4,119.012,99.6425,0.862,79.41176,37.6,17.6,16.7,33.2,75,37.7,35.2,52.9,1.51,22.509,0,80.7,69.5
"739",2018,"Alabama",9,108.459,94.6334,0.801,55.88235,41.5,20.1,18.7,29.1,69.4,32.5,31.9,49.5,0.744,30.311,1,64.5,73.4
"740",2019,"Yale",14,111.702,103.115,0.707,75,30.5,18.1,15.2,26.3,75.6,37.4,31.2,56.8,2.113,14.894,0,58.4,75.7
"741",2019,"Wofford",7,118.357,97.6422,0.873,86.66667,27.7,16.2,19.3,32.3,75.4,41.6,32.7,50.2,1.792,18.861,1,71.8,70.7
"742",2019,"Wisconsin",5,110.809,87.134,0.913,69.69697,27.5,14.4,17.2,24,73.5,36.6,31.2,49.3,1.84,36.867,0,72.9,74.2
"743",2019,"Washington",9,106.98,93.6134,0.811,76.47059,35.1,19.8,24,29.6,65.6,34.6,33.1,47.5,2.147,23.31,1,65.5,73.5
"744",2019,"Virginia Tech",4,118.433,93.9634,0.93,75,31.4,17.5,21.7,29.8,72.6,39.4,33.2,59.6,1.91,30.716,2,81.9,67.5
"745",2019,"Virginia",1,123.571,87.9163,0.976,90.625,30.3,14.7,17.8,30,74.1,40.9,27.2,56.6,1.552,33.411,6,92.2,65.1
"746",2019,"Villanova",6,116.973,98.1987,0.854,73.52941,35.3,17,18.1,30.8,72.7,35.3,33.5,57.7,1.66,25.545,1,76,72.5
"747",2019,"Vermont",13,107.949,99.2286,0.735,81.25,36.3,16.6,19.4,27.5,78.2,35.3,35.3,46.3,1.441,10.844,0,56.3,78.4
"748",2019,"VCU",8,104.312,88.6222,0.888,78.125,36,20.1,23.5,31,69.4,30.7,27.6,55.4,1.496,17.529,0,67,75
"749",2019,"Utah St.",8,112.966,96.3467,0.846,81.81818,36.7,17.9,17.2,31.7,77.8,35.7,34.8,61.8,1.314,16.722,0,67.6,73.6
"750",2019,"UCF",9,110.31,95.7335,0.874,74.19355,46.4,17.5,18.3,29.6,70.5,35.4,31.3,53.7,2.283,22.705,1,66,74
"751",2019,"UC Irvine",13,106.606,97.144,0.724,85.29412,28.6,17.1,16.7,33.6,73.6,36,33.3,48.8,2.127,10.843,1,61,74.7
"752",2019,"Texas Tech",3,112.694,85.9468,0.953,81.25,33.5,18.2,23,28.6,71.4,36.8,30.1,51.3,1.87,29.682,5,81.4,67.6
"753",2019,"Tennessee",2,122.479,95.4987,0.951,84.84848,33.4,15.9,18.2,31.6,69.7,36.2,34.4,60.9,2.179,34.04,2,87,67.1
"755",2019,"Syracuse",8,110.213,93.9133,0.86,60.60606,36.8,18.4,23.2,30.1,66.7,33,32.3,50.3,1.632,30.432,0,70.9,73.9
"757",2019,"Seton Hall",10,109.303,96.3961,0.771,60.60606,34.8,17.5,20,29.3,70.6,32.4,33.6,51.8,1.521,26.683,0,60.3,75.6
"758",2019,"Saint Mary's",11,114.634,96.9231,0.863,66.66667,29.7,16.3,16.4,31.3,76.8,37.8,31.8,37.9,1.414,22.544,0,67.1,77.2
"759",2019,"Saint Louis",13,102.575,96.3024,0.661,65.71429,39.7,19,19.4,36.1,74.7,30.8,31.3,54.3,1.835,17.33,0,56.4,79.6
"760",2019,"Purdue",3,121.093,95.0422,0.938,71.875,29.4,15.9,19.5,35,73.4,36.4,34.4,53.9,1.565,35.323,3,80.4,68.4
"762",2019,"Oregon",12,107.7,92.5481,0.826,65.71429,30.3,17.8,21,29.7,71.9,34.3,29.4,52.6,1.237,21.269,2,70.4,74
"763",2019,"Old Dominion",14,101.929,96.3508,0.64,76.47059,29.5,17.9,18.6,32.3,75.2,35.3,32.5,54,1.764,11.544,0,55.6,79.6
"764",2019,"Oklahoma",9,109.401,93.8663,0.863,59.375,31.4,17.4,17.5,26.2,72.1,34.2,33.3,48.9,2.126,35.499,1,62.6,72.8
"765",2019,"Ohio St.",11,109.268,94.1896,0.834,57.57576,34,18.7,18.4,27.7,73.9,34.3,33,59,1.46,33.733,1,62.6,75.5
"766",2019,"Northern Kentucky",14,109.235,102.676,0.678,75,35.5,17.6,18.5,30.7,73.5,36.4,31.9,62.1,1.616,11.952,0,56.6,80.1
"767",2019,"Northeastern",13,111.465,102.718,0.685,69.69697,34.3,16.7,16.7,22.7,75.7,38.8,33.6,54.7,2.104,14.55,0,56.5,76.1
"768",2019,"North Dakota St.",16,106.552,109.751,0.423,51.6129,32.1,15.8,14.6,20.7,74.6,36.8,36.6,46.1,1.355,14.601,0,46.8,90.6
"770",2019,"North Carolina",1,119.872,90.701,0.956,81.81818,30.9,17.1,18.5,34.6,76.8,36.5,32.9,61.3,1.759,36.978,2,87.3,65.6
"771",2019,"New Mexico St.",12,112.605,99.0173,0.802,87.5,34.1,17.7,19.3,37,77.3,34.2,33.3,52.7,2,10.958,0,63.9,77.6
"772",2019,"Nevada",7,114,95.0771,0.873,87.87879,40.7,14.4,19.2,26.5,75.3,35.1,33.4,54,2.696,15.433,0,72.4,73.6
"773",2019,"Murray St.",12,112.038,98.706,0.79,86.2069,33.2,17.2,19.5,32.4,70,34.4,28.5,58.4,1.497,12.081,1,66.5,72.3
"774",2019,"Montana",15,107.36,103.814,0.595,75,32,17.4,19.3,27.7,75,38.3,34.6,52.1,2.401,9.661,0,54.5,82.9
"775",2019,"Mississippi St.",5,117.395,96.7173,0.895,69.69697,32.3,19.3,19.7,34.9,70.2,37.8,35.3,51.4,1.657,32.171,0,73.7,69.9
"776",2019,"Mississippi",8,112.779,97.6963,0.86,62.5,31.7,18.2,21,30.4,70.5,35.8,37.2,54.2,1.67,28.95,0,64.6,73.5
"777",2019,"Minnesota",10,110.671,96.2136,0.809,61.76471,42,17.6,16.6,31.9,71.9,32.1,33.9,60.2,1.7,34.824,1,61.8,74
"778",2019,"Michigan St.",2,121.729,90.3679,0.956,82.35294,35,18.7,14.9,34.1,73.2,38.4,31.8,68.2,1.768,37.031,4,86.1,65
"779",2019,"Michigan",2,115.516,86.081,0.966,82.35294,27,13.5,18.3,24.5,74.5,35,28.9,54.2,1.42,32.909,2,84,68.1
"780",2019,"Maryland",6,113.82,93.8429,0.89,68.75,32.9,19.8,14.3,33.9,75.3,35.3,32,52.4,0.692,33.402,1,73.3,69.6
"781",2019,"Marquette",5,114.15,95.7294,0.862,72.72727,35.9,19.5,16.6,29.1,73.8,39.3,31.9,51.8,1.536,24.34,0,69.1,73.2
"782",2019,"LSU",3,118.485,97.5196,0.907,81.25,37.7,18.2,20.7,37.3,69.6,32.3,34.1,46.1,1.102,30.387,2,76.4,68.2
"783",2019,"Louisville",7,113.376,92.4055,0.906,60.60606,35.1,17.8,16.3,29.2,74.2,34.2,31.7,53.4,1.928,35.477,0,69.9,71.1
"784",2019,"Liberty",12,110.565,99.7435,0.73,80.64516,26,17.2,20.8,25.7,73.5,36.6,32.9,53.5,1.845,11.295,1,59.2,75.6
"785",2019,"Kentucky",2,118.223,90.8094,0.942,81.81818,42.5,18.5,18.4,36.6,74.2,36.4,35,52.1,0.592,33.711,3,87.2,65.6
"786",2019,"Kansas St.",4,107.96,87.7377,0.906,75.75758,30.7,17.4,22.9,28.1,74.4,33.6,31.2,57.9,2.149,32.441,0,74.9,70.9
"787",2019,"Kansas",4,112.746,92.0406,0.908,73.52941,32.9,18.7,18.5,29.7,71.7,35,33.6,48.8,1.073,38.465,1,76.6,68.6
"788",2019,"Iowa St.",6,118.992,97.1452,0.915,67.64706,30.3,16.2,18.8,28.5,70,36.5,33.8,54.5,1.485,33.257,0,74.1,69.5
"789",2019,"Iowa",10,117.163,101.207,0.844,66.66667,42.3,17.2,18.5,29.9,71,36.1,32.6,60.1,1.504,31.994,1,63.2,74.3
"790",2019,"Iona",16,106.514,109.593,0.372,53.125,37.1,17.3,18.6,25.7,69.9,35.1,36.8,50.4,2.012,9.366,0,47.4,87.1
"791",2019,"Houston",3,114.118,91.6934,0.932,91.17647,31.9,16.8,18.2,34.7,73.8,35.9,27.6,55.8,1.802,21.749,2,78.6,66.6
"792",2019,"Gonzaga",1,125.125,92.336,0.971,90.90909,36,14.5,18.9,30.6,72.9,36.5,30.9,55.9,1.839,21.704,3,90.8,65.6
"793",2019,"Georgia St.",14,107.886,102.289,0.667,71.875,35.7,16.6,21.1,23.3,66.4,38.4,33,46,2.184,15.85,0,54.5,77.7
"794",2019,"Gardner Webb",16,107.475,108.218,0.454,64.51613,39.2,16.8,18.1,22.6,69,37.7,33.8,51.8,1.73,13.189,0,49.7,91.9
"795",2019,"Florida St.",4,112.987,90.4293,0.898,79.41176,36.3,19.2,20.3,33.1,73.1,33.6,32.6,49.8,1.929,32.314,2,80.4,67.5
"796",2019,"Florida",10,110.219,91.895,0.892,55.88235,30.4,18,22.6,31.1,68.3,33.5,32,51.1,1.39,34.588,1,67.1,75.4
"797",2019,"Fairleigh Dickinson",16,106.184,110.432,0.357,58.06452,35.5,19.4,20.4,29.4,66.9,40.4,34.3,53.2,1.741,7.488,0,47.3,90.5
"798",2019,"Duke",1,120.084,88.0911,0.97,85.29412,34.6,17.7,19.8,36.1,70.3,30.2,29.3,52.2,0.687,37.373,3,90.9,65.2
"799",2019,"Colgate",15,110.038,105.751,0.577,69.69697,28.9,19.3,18,30.3,73.1,39.1,33.9,57.9,1.573,11.298,0,53.8,85.5
"800",2019,"Cincinnati",7,111.566,94.515,0.885,82.35294,38.1,16.1,20.9,37.6,70.6,35,35.1,54.1,1.891,24.662,0,69.4,72.6
"801",2019,"Buffalo",6,114.89,94.5531,0.88,90.90909,32.2,15.6,20.4,31.6,73.3,33.6,29.7,55,2.316,17.002,1,72.5,69.8
"802",2019,"Bradley",15,100.892,101.25,0.469,57.57576,36.3,18.9,18.6,27.1,73.3,36.8,33,52.2,1.997,11.714,0,50,84.6
"803",2019,"Belmont",11,114.834,101.76,0.785,83.33333,28.1,15.4,16.3,25.6,75.7,37.1,34.7,61.9,1.44,14.18,0,63.7,74.7
"804",2019,"Baylor",9,113.517,98.2238,0.821,59.375,32.6,19.9,18.5,38.1,71.2,34,34.1,54.3,1.457,32.475,1,64.3,76.6
"805",2019,"Auburn",5,119.571,96.2397,0.926,73.52941,31,17.5,25.3,32.7,67.1,38.1,35.6,53,2.174,32.322,4,78.7,70.5
"806",2019,"Arizona St.",11,109.774,98.5646,0.773,68.75,43.6,18.5,18.9,32.5,73.6,34.1,33.6,51.1,1.328,21.239,0,61.6,75.3
"807",2019,"Abilene Christian",15,103.625,101.539,0.534,79.31034,34.5,17.4,23.4,27.7,72.2,38.3,33.5,57.6,2.044,7.994,0,51.5,85.6
"808",2021,"Wisconsin",9,112.522,89.8672,0.918,58.62069,26.9,13.5,17.8,23.7,74.9,36,33,54.3,2.316,37.996,1,74.4,78.3
"809",2021,"Winthrop",12,105.093,96.1535,0.73,95.83333,35.7,19.5,22.5,35.6,77.8,35.3,32.4,53.6,1.933,5.045,0,59.1,77
"811",2021,"West Virginia",3,116.128,95.8073,0.902,66.66667,39.4,17,20.7,35.6,68.7,35.7,32.3,52.3,1.787,34.198,1,78.5,66.8
"812",2021,"Virginia Tech",10,110.048,94.8276,0.833,71.42857,33.2,17.3,17.6,28.4,75.7,35.7,33,56.6,1.562,23.498,0,63.2,72.9
"813",2021,"Virginia",4,115.637,92.9824,0.91,75,22,15.4,15.2,23.1,77.4,38.1,34,55.1,1.879,30.502,0,81.5,70.5
"814",2021,"Villanova",5,118.602,95.984,0.907,72.72727,30,13.5,19,27.9,75.2,35.2,35.4,57.8,1.829,30.52,2,78,68.2
"815",2021,"VCU",10,105.49,89.5783,0.85,73.07692,34,20.7,23.6,28.5,68.6,32.9,30.5,52.7,1.229,22.145,0,66.7,76.5
"816",2021,"Utah St.",11,105.729,89.2192,0.862,70.37037,29.4,19.7,19.7,35.3,78.7,33.6,33,60.6,1.486,17.758,0,68.4,76
"817",2021,"USC",6,112.883,90.6583,0.932,75.86207,37.5,18.1,17.4,35.7,72.7,34.8,34.2,50.3,1.679,32.675,3,77.7,70.2
"818",2021,"UNC Greensboro",13,104.118,95.9651,0.619,72.41379,23.8,15.6,21,32.4,74.1,30,31.9,44.1,1.735,10.509,0,57.6,79.2
"819",2021,"UCLA",11,113.403,97.4859,0.878,65.38462,32.6,16.7,17.6,30.8,75.8,36.7,35.1,51.6,1.376,34.379,4,66.3,73.1
"820",2021,"UC Santa Barbara",12,109.242,97.0104,0.793,83.33333,35.5,16.5,20.8,28.2,75.5,34.8,33.4,58.1,2.321,11.813,0,60.8,78.6
"821",2021,"Texas Tech",6,112.362,91.4155,0.909,62.96296,39.3,16.3,23.8,33.8,70,34.6,35,50.9,1.42,32.227,1,76.2,71.7
"822",2021,"Texas Southern",16,98.9834,105.038,0.353,65.21739,38.9,21.5,19.4,32.9,73.6,27.7,32.4,44.2,2.509,12.242,0,46.9,85.3
"823",2021,"Texas",3,113.848,93.2661,0.912,73.07692,34,20.2,17.8,31.3,73.1,35.7,32.3,49.7,2.109,32.75,0,78.7,68.7
"824",2021,"Tennessee",5,108.804,87.7414,0.916,69.23077,35.1,18.2,22.9,31.4,71.4,33.8,31.8,59.2,1.471,29.656,0,77.8,66.9
"825",2021,"Syracuse",11,113.82,97.5937,0.837,64,28.4,16,20.8,30.3,66.2,33.8,31.7,56.5,1.527,28.455,2,64,75.4
"826",2021,"St. Bonaventure",9,111.309,90.4885,0.889,80,27.8,16.9,19.5,33.6,71.6,35.4,30.6,56.8,1.928,21.02,0,70.9,75.6
"827",2021,"San Diego St.",6,110.835,89.5391,0.926,84.61538,34.3,16.9,22.5,29.9,75.6,37.5,32.8,53.7,2.399,18.796,0,74.2,70
"828",2021,"Rutgers",10,108.651,90.5084,0.846,57.69231,27.7,16.4,18.9,27.4,70.7,31.1,32.1,51.6,1.953,38.152,1,66.7,71
"829",2021,"Purdue",4,113.612,91.3407,0.89,66.66667,32.2,18.7,16.9,32.2,75.9,33.5,31.5,56,1.041,36.431,0,73.9,70
"830",2021,"Oregon St.",12,109.326,99.1533,0.766,57.14286,34,17.2,18.5,29.8,70.6,34.6,31.4,59.4,2.035,34.218,3,57.1,76.6
"831",2021,"Oregon",7,114.453,96.7728,0.877,76.92308,26.8,16.8,20.3,28.3,72.8,37.9,33.6,48.4,2.265,31.097,2,73.3,74.1
"832",2021,"Oral Roberts",15,108.656,107.44,0.522,56.52174,27.8,15.7,18.2,23.2,67,38.8,35.6,42.6,1.496,16.652,2,50.4,77.5
"833",2021,"Oklahoma St.",4,110.059,91.2923,0.873,71.42857,36.4,21.4,19.3,31.9,69.8,33.8,31.7,47.7,1.061,36.37,1,74.2,68.1
"834",2021,"Oklahoma",8,111.427,94.7836,0.864,60,29.1,15.8,18.7,27.3,72.5,33.8,35.4,50,2.102,32.105,1,66.4,73.3
"835",2021,"Ohio St.",2,122.274,96.8491,0.929,70,37.6,15.3,15,29.1,72.6,36.5,34.1,49.5,1.963,39.398,0,78.3,65.7
"836",2021,"Ohio",13,113.002,101.888,0.763,68.18182,29.6,17,20,28.7,72.6,36.6,33.7,59.7,1.43,16.438,1,60.4,79.8
"837",2021,"North Texas",13,105.362,93.6646,0.758,64,27.2,20.4,21.4,27.9,73.1,37.3,31.6,51.8,2.415,19.471,1,60.8,73.7
"838",2021,"North Carolina",8,110.111,90.0231,0.864,64.28571,34.9,20.6,19.3,41.3,73.7,31.7,34.4,55.8,1.02,34.274,0,74.4,78.9
"839",2021,"Norfolk St.",16,100.613,104.355,0.365,66.66667,38.6,17.8,20.7,28.8,71.3,37.4,31.7,48,2.363,6.134,0,48.2,92
"841",2021,"Morehead St.",14,100.165,96.2694,0.559,75,36.8,22.9,18,31.3,75.1,34.7,30.7,51.3,1.69,13.166,0,53.4,77.7
"842",2021,"Missouri",9,110.248,95.0983,0.863,64,37.5,18.9,18.4,28.6,70.8,32,32.7,51.1,2.462,33.332,0,61.9,74.1
"844",2021,"Michigan",1,119.434,88.6425,0.952,83.33333,28.9,16.3,15.1,29.4,75.2,38.7,33.5,55.5,2.078,35.087,3,85.5,66.2
"845",2021,"Maryland",10,110.916,92.1984,0.856,53.57143,32.6,16.8,16.9,20.9,75.2,34.9,34.3,53.7,1.869,36.317,1,70,76.2
"846",2021,"LSU",8,119.771,100.181,0.883,66.66667,33.9,16.1,18.4,31.5,67.2,35,30,42.3,1.064,31.962,1,71.7,75.9
"847",2021,"Loyola Chicago",8,110.416,86.6625,0.918,84.61538,30.7,18.5,21.6,26,79,35.7,32.5,59.9,2.231,16.033,2,73.4,74.2
"848",2021,"Liberty",13,110.143,101.773,0.713,79.16667,25.5,15.6,17.3,23.1,77.6,38.8,32.2,57.4,1.736,9.801,0,57.5,73.8
"849",2021,"Kansas",3,109.615,88.5839,0.895,70.37037,30.5,17.7,20,31.2,73.1,33.7,32.5,52.2,1.46,36.237,1,77,69
"850",2021,"Iowa",2,123.496,94.5925,0.946,72.41379,32,13.3,16.3,30.7,71.4,38.6,34.8,63.8,1.656,36.806,1,86.2,69.5
"851",2021,"Iona",15,100.371,101.407,0.555,70.58824,36.1,22.5,19.6,33.5,73.8,35.5,30.1,56,1.731,7.27,0,51.3,80.2
"852",2021,"Illinois",1,118.957,88.3445,0.951,79.31034,39.2,18.2,16.1,33,77.8,37.6,32.7,55.5,1.627,40.223,1,87.6,67.3
"853",2021,"Houston",2,118.922,90.1017,0.964,88.46154,30.7,16.3,21.6,39.4,72,35.5,28.5,51.4,1.843,18.87,4,86.2,65.2
"854",2021,"Hartford",16,97.4886,100.22,0.427,65.21739,28.6,19,20.4,24.9,71.2,32.7,28.7,46.6,1.927,10.041,0,48.3,88.9
"855",2021,"Grand Canyon",15,103.554,96.5771,0.716,70,34.5,20.4,16.5,33,77.2,32.2,29.7,55.7,2.131,10.505,0,58,84.9
"856",2021,"Gonzaga",1,126.111,89.4872,0.979,100,36.7,16.1,20.3,30.4,76.6,36.5,32.5,53.6,1.528,24.19,5,92.3,65.6
"857",2021,"Georgia Tech",9,113.332,94.783,0.869,68,29,15.9,22.8,24.8,70.1,34.9,36.7,57.7,2.51,29.468,0,66.8,77.3
"858",2021,"Georgetown",12,107.693,93.636,0.825,52,30.3,21.7,16.2,32.4,72.7,36.6,32.6,51.7,2.018,32.752,0,61.1,73.4
"859",2021,"Florida St.",4,116.442,94.3726,0.929,72.72727,32.7,20.2,19.6,35.7,68.6,39,33.3,51.9,1.949,27.679,2,81.7,66.9
"860",2021,"Florida",7,110.975,93.4227,0.873,60.86957,33.8,20.7,20.6,30.8,68.4,35.7,30.6,45,1.529,34.098,1,70.7,69.7
"861",2021,"Eastern Washington",14,107.67,101.018,0.713,68.18182,30.4,16.5,16.5,23.9,74.4,35.9,31.6,54.1,1.614,13.059,0,55.8,76.5
"862",2021,"Drexel",16,107.143,105.525,0.565,63.15789,28.5,19.6,16.4,29.4,75.7,37.2,32.1,58.2,1.77,8.855,0,51.9,87.4
"863",2021,"Drake",11,113.949,99.3062,0.786,85.18519,25.2,15.2,18.8,31.6,75.1,36.6,30.8,45.3,1.958,15.072,0,64.3,77.6
"864",2021,"Creighton",5,114.87,93.5652,0.903,71.42857,26.9,15.8,17.8,24.8,71.8,36.7,32.1,55.8,2.215,30.082,2,78,71.1
"865",2021,"Connecticut",7,113.581,91.6796,0.918,68.18182,29.6,17.5,19.6,36.8,70.2,33.6,31.6,49.4,1.785,31.015,0,75.2,73.8
"866",2021,"Colorado",5,114.417,92.7358,0.934,73.33333,29.9,16.8,19.8,30.9,74.4,36.7,33.3,51.3,2.245,32.71,1,70.9,70.2
"867",2021,"Colgate",14,110.89,100.668,0.829,93.33333,31,13.7,16.6,28.2,74.6,40,26.1,56.1,1.82,5.698,0,60.9,76.5
"868",2021,"Cleveland St.",15,100.852,99.4794,0.486,73.07692,31.9,18.5,20.3,30.9,68.1,31.9,30.8,52.9,2.036,12.128,0,51.6,84.6
"869",2021,"Clemson",7,106.87,90.7046,0.848,69.56522,23.6,19.5,21.6,26.6,73.5,34.6,33.8,56.4,1.794,32.216,0,64.9,73.7
"870",2021,"BYU",6,113.107,92.1612,0.894,76,27.8,19,16,28.6,76.7,37.3,32.4,56.9,1.984,29.972,0,70,71.4
"871",2021,"Baylor",1,123.265,93.7679,0.961,91.66667,27,17.6,24.6,37.5,69.1,41.8,34,54.8,1.967,27.876,6,89.1,66.8
"872",2021,"Arkansas",3,111.502,89.9724,0.896,78.57143,32.7,17.4,20.3,31.7,73.8,33.9,32.6,50.7,1.545,28.411,3,76.9,69.3
"874",2021,"Alabama",2,111.722,86.734,0.928,80,28.6,18.6,21.1,31.5,70.2,35.1,28.8,50.8,1.841,31.992,2,80.8,67.2
"875",2021,"Abilene Christian",14,103.047,92.9196,0.735,82.6087,34,19.4,26.7,30.6,72.1,37.7,29.1,66.9,2.228,9.607,1,59.9,77.7
"876",2022,"Yale",14,101.474,99.2392,0.541,62.06897,32.7,18.3,18.2,25.6,73.5,32.9,30.4,46.4,1.898,14.651,0,50.9,82.6
"878",2022,"Wright St.",16,106.365,107.231,0.427,60.60606,31.1,17.9,18.4,31.3,70,33,33.7,50.3,1.581,8.923,0,50.2,83.8
"879",2022,"Wisconsin",3,110.398,94.8142,0.863,77.41935,32.3,12.7,16.9,25.8,76,31.3,32.3,44,1.462,31.803,1,67.4,64.8
"880",2022,"Virginia Tech",11,114.268,96.4045,0.898,65.71429,23.7,17,18.8,28.1,73.9,39.3,31.7,55.4,2.136,28.436,0,67.1,77.8
"881",2022,"Villanova",2,117.95,93.8397,0.934,78.78788,30.5,15.5,18.8,30.9,72,35.9,31,49,2.392,31.835,4,80,66.9
"882",2022,"Vermont",13,110.775,97.7084,0.778,84.375,26.6,14.9,17.1,24,81.4,36.8,34.4,54.9,2.807,8.437,0,62,73
"883",2022,"USC",7,110.473,96.0232,0.816,78.78788,30.9,17.7,14.7,33.8,72.8,35.4,33.7,52.8,2.119,24.007,0,65.8,67.2
"884",2022,"UCLA",4,116.076,91.2287,0.933,78.125,29.8,13.4,19.7,31.9,75.2,35.2,32.2,49.9,2.209,27.038,2,83.9,65.2
"885",2022,"UAB",12,112.489,98.456,0.807,78.125,29.5,16.3,21.4,33.4,72.6,38.3,32.4,44.2,2.645,14.007,0,63.8,81
"886",2022,"Texas Tech",3,109.701,85.0595,0.943,73.52941,36.1,20.3,23.6,33.3,73.9,31.4,31.3,52.3,2.456,35.796,2,79.4,66.5
"887",2022,"Texas Southern",16,98.1424,99.4749,0.45,60,32.7,21.4,17.4,33.8,71.8,31.7,29.5,42.3,2.813,11.938,0,50.8,85
"889",2022,"Texas",6,111.812,91.4059,0.918,65.625,32.3,18.2,23.3,31.9,70,32.3,31.6,53.3,2.664,35.097,1,76.2,73.1
"890",2022,"Tennessee",3,111.439,86.1987,0.938,78.78788,29.6,18,22.9,32.8,72.6,35.8,31.2,62.3,1.362,34.071,1,82.1,63.8
"891",2022,"TCU",9,108.261,93.3525,0.841,62.5,31.2,21.6,18.4,37.8,73.9,30.3,31.5,53.9,1.734,36.146,1,63.7,69.9
"892",2022,"South Dakota St.",13,116.763,105.32,0.761,87.5,35.2,15.3,15.8,24,75.8,44.2,35.2,47.3,2.058,11.018,0,59.4,64.4
"893",2022,"Seton Hall",8,108.487,93.5199,0.826,66.66667,30.8,17.5,18.5,32.7,70.9,33.3,31,39.9,2.526,28.752,0,63.8,71.5
"894",2022,"San Francisco",10,110.756,92.3886,0.877,71.875,28.4,18.1,18.5,30.3,76.2,34.7,28.9,47,2.568,24.113,0,69.9,72.7
"895",2022,"San Diego St.",8,104.106,85.9549,0.863,74.19355,31.3,19.3,21.7,29.6,73,35.8,30.4,49.7,2.481,23.962,0,67.5,70.7
"896",2022,"Saint Peter's",15,98.7512,94.4758,0.604,62.06897,37.5,20.8,20.9,31.5,72,34.8,29.4,51.6,1.895,12.317,3,54.1,85.5
"897",2022,"Saint Mary's",5,109.764,89.9554,0.887,77.41935,23.2,17.1,19.5,27.3,78.1,35.1,34.4,51,2.27,25.887,1,69,72.8
"899",2022,"Richmond",12,109.146,99.3205,0.716,65.71429,30.9,14.4,18.9,22.4,72.8,33.8,34.3,57.3,2.623,19.541,1,55.8,74.5
"900",2022,"Purdue",3,121.268,98.9804,0.933,79.41176,36.3,17.3,14.1,35.2,76.4,39.1,33.5,58.9,1.778,30.201,2,83.7,67.2
"901",2022,"Providence",4,111.929,98.0491,0.835,83.33333,38.5,17.3,15.8,30.5,72,34.3,31.2,54,2.733,25.783,2,62.6,68.1
"902",2022,"Ohio St.",7,116.627,100.804,0.857,63.33333,33.5,16.7,15.3,28.8,71.4,37.3,34,49,1.936,29.666,1,73.3,68.9
"903",2022,"Notre Dame",11,111.997,98.3632,0.836,67.74194,27.7,15.5,15,22.1,76,37.8,31.7,55.4,2.393,27.584,1,63.5,76
"904",2022,"North Carolina",8,113.057,97.0108,0.866,72.72727,29.6,16.5,14.1,30.4,79.2,36.2,34.9,53.6,1.742,29.665,5,69.8,71
"905",2022,"Norfolk St.",16,102.43,102.285,0.438,77.77778,39.1,19.9,18.5,29.8,72.8,34.5,29.1,47.6,2.43,6.905,0,51.7,85.6
"906",2022,"New Mexico St.",12,107.805,97.7021,0.726,79.31034,35.4,20.7,16.9,33.3,73.8,33,30,53.6,2.364,14.913,1,59.7,72.6
"907",2022,"Murray St.",7,111.518,95.1287,0.838,93.10345,31.1,17.1,21,35.5,74.6,34.7,30.1,50.2,2.121,12.852,1,66.7,76.1
"908",2022,"Montana St.",14,104.531,100.723,0.562,78.125,40.5,18.5,18.3,26.7,76.7,37.2,32.8,47.3,1.961,7.984,0,53.7,78.5
"909",2022,"Michigan St.",7,111.275,96.4032,0.848,64.70588,30.4,19.2,15.3,30.7,73,37.8,31.2,60.7,1.746,32.331,1,66.4,71.2
"910",2022,"Michigan",11,114.207,98.5588,0.868,54.83871,28.9,17.1,15,31.2,76.2,34,33,52.4,1.413,34.033,2,70.7,68.7
"911",2022,"Miami FL",10,114.756,102.136,0.813,69.69697,28.9,14.2,20.3,23.4,69.7,35.3,35.2,50.8,2.424,27.253,3,57.9,70
"912",2022,"Memphis",9,110.368,94.1479,0.875,67.74194,38.4,22.9,20.9,37.5,69,35.9,32.1,59.6,1.725,26.062,1,74,72.5
"913",2022,"Marquette",9,109.787,95.785,0.807,61.29032,26.8,17.3,19.1,22.4,68.6,34.7,31.7,59.4,1.239,29.119,0,61.8,74.6
"914",2022,"LSU",6,107.64,88.5581,0.891,66.66667,33,20.4,25.3,33.7,68.8,31.9,28,48.7,1.196,30.073,0,70.9,65.6
"915",2022,"Loyola Chicago",10,110.891,93.196,0.849,77.41935,31.9,18.4,19.9,25.1,76.1,38,31.5,56.8,2.525,19.04,0,67.7,72
"916",2022,"Longwood",14,106.108,103.624,0.582,78.57143,35.9,18.2,20.1,33.6,75.5,38.6,31.1,52.7,2.05,8.664,0,52.7,80.6
"917",2022,"Kentucky",2,120.191,93.5959,0.939,78.78788,27.2,16.6,17.4,37.8,75.1,34.9,30.3,53,1.856,32.472,0,86.9,67.5
"918",2022,"Kansas",1,119.389,93.8965,0.951,82.35294,32.8,17.8,18.4,33.4,71.1,35.5,30.1,53.9,2.082,36.398,6,85.2,63.3
"919",2022,"Jacksonville St.",15,105.325,103.083,0.564,65.51724,32.2,20,17.1,28.3,73.8,38.2,32.5,53.9,2.546,10.698,0,53.1,81.1
"920",2022,"Iowa St.",11,104.382,90.4362,0.849,62.5,28.1,20.4,24.5,28.2,71.5,32.1,29.6,60.1,2.195,36.278,2,62.4,70.5
"921",2022,"Iowa",5,121.548,98.0208,0.922,74.28571,30.4,12.9,19.3,32.2,69.8,36.8,32.9,53.8,1.681,28.129,0,78.4,62.9
"922",2022,"Indiana",12,107.558,92.6213,0.884,60.60606,33.5,17.3,17.4,26.9,75,33.9,32.6,57.4,2.053,29.313,0,65.9,72.4
"923",2022,"Illinois",4,113.725,94.138,0.908,70.96774,31.7,17.7,15.6,33.4,74.2,36.7,32.2,57.7,2.241,30.786,1,77.9,70
"924",2022,"Houston",5,117.348,90.8508,0.96,85.29412,28.7,17.1,21.7,37.8,72.7,34.1,29,59.5,2.179,22.655,3,83.9,70.1
"925",2022,"Gonzaga",1,121.805,88.836,0.973,89.65517,29.7,15.9,17,29,77,37.9,30.7,55,1.559,24.951,2,90,66.6
"926",2022,"Georgia St.",16,101.532,99.6875,0.54,60,30.2,16.9,22.7,32.8,69.3,32.3,37.9,52.5,2.162,12.187,0,52.9,89.8
"927",2022,"Duke",2,119.363,95.6508,0.943,82.35294,28.6,14.9,16.1,31.9,71.5,36.8,31.4,56.6,0.988,28.364,4,85,64.9
"928",2022,"Delaware",15,106.849,104.566,0.597,63.63636,34.6,18.4,18.5,26.8,68.8,35,34.9,48.1,2.079,12.584,0,52,79.3
"929",2022,"Davidson",10,116.781,101.978,0.818,81.25,32.9,14.8,16.9,23.6,77.8,38.4,33.8,55,2.001,16.861,0,62.2,71.7
"930",2022,"Creighton",9,105.588,92.1195,0.801,66.66667,26,20.5,15.5,28.6,71.6,30.7,31.7,51.1,1.319,27.539,1,62.9,72.5
"931",2022,"Connecticut",5,113.924,94.5963,0.879,71.875,30.6,17.4,18,38,72.5,35.3,34.5,52.2,2.112,27.203,0,71.1,68.6
"932",2022,"Colorado St.",6,114.159,98.3029,0.818,82.75862,30.4,15.1,18.4,21.9,75.1,35.7,32.7,53.5,2.004,22.01,0,63.3,73.3
"933",2022,"Colgate",14,108.276,104.059,0.576,66.66667,26.8,16.9,16.2,26.5,75.2,40.2,33.7,61.7,2.413,9.704,0,54.6,67.3
"934",2022,"Chattanooga",13,110.028,98.756,0.751,78.125,27,17,18,32.7,73.7,34.1,30.6,46.6,2.605,14.52,0,59.8,77.5
"935",2022,"Cal St. Fullerton",15,104.656,102.553,0.466,65.51724,35.7,18.1,20.2,29,72,33.5,37.1,44.7,2.33,10.89,0,50.8,83.5
"937",2022,"Boise St.",8,108.443,92.0306,0.851,78.78788,35.2,18.5,20.1,30.6,78.1,34.1,32.4,46.8,2.402,21.555,0,65.2,79
"938",2022,"Baylor",1,117.874,91.5538,0.952,81.25,28.5,18.2,22.9,36.3,71.6,34.6,29.9,56.1,1.781,35.472,1,85.8,67.1
"939",2022,"Auburn",2,113.602,89.1491,0.933,84.375,31.6,16.7,20.7,33.2,70.7,32,31.2,52,1.348,27.557,1,82.8,62.7
"940",2022,"Arkansas",4,111.072,92.0511,0.88,75.75758,37.9,17.4,20.6,30.9,74.2,30.7,32.8,52.9,2.292,27.25,3,74,69.2
"941",2022,"Arizona",1,119.64,92.431,0.943,91.17647,35.1,18,17.7,34.5,71.7,35.4,32.7,65.4,1.191,24.936,2,84.1,64.9
"942",2022,"Alabama",6,116.098,98.7358,0.872,59.375,33.6,19.8,17.7,35.5,69.3,30.8,33.1,52.9,1.646,34.827,0,74.9,69.9
"943",2022,"Akron",13,106.151,102.661,0.558,70.96774,40.1,17.7,17.6,29.1,73.7,35.6,34.7,48.8,1.974,9.639,0,53,81
"944",2023,"Xavier",3,119.297,99.604,0.895,73.52941176,30.8,17.5,16.5,31.8,74.6,39.5,35.9,63.8,2.432,31.866,2,74.2,62.2
"945",2023,"West Virginia",9,117.144,97.9996,0.895,57.57575758,39.7,18.5,20.9,33.7,70.7,34.8,34.1,50.5,2.499,35.542,0,66.7,72.6
"946",2023,"Virginia",4,111.166,94.7544,0.871,78.125,34.5,13.7,19.7,25.5,75,35.3,34,65.8,2.23,24.745,0,71.4,66.4
"947",2023,"Vermont",15,109.778,104.357,0.676,68.75,28.4,14.2,16.8,19.3,77.5,36.2,34.6,52.1,2.423,13.048,0,53.6,72.2
"948",2023,"VCU",12,107.195,94.0449,0.785,79.41176471,41.8,19.5,24.1,29,70.2,34.7,32.3,53.1,1.702,15.572,0,61.3,75.5
"949",2023,"Utah St.",10,117.762,98.8807,0.869,75.75757576,35.5,17.4,15.8,27.4,75.2,38.5,34.3,62.3,2.545,22.797,0,67.3,67.3
"950",2023,"USC",10,113.122,97.4891,0.832,68.75,33.8,18.1,18.1,29,67,34.5,33.4,51.7,1.669,27.758,0,64.7,67.2
"951",2023,"UNC Asheville",15,104.141,102.635,0.466,78.125,41.3,20,17.9,25.8,71.3,38.8,30.5,50.1,2.721,10.618,0,52.2,84.8
"952",2023,"UCLA",2,114.875,87.2423,0.951,85.29411765,27.1,15.3,23.6,33.7,72.4,34.7,31.1,50.9,1.868,28.811,2,86.5,65
"953",2023,"UC Santa Barbara",14,111.335,104.693,0.624,78.125,34.9,16.8,18.7,26.6,73.9,35.1,34.5,52.9,2.238,10.607,0,54.8,78.1
"955",2023,"Texas A&M Corpus Chris",16,107.367,107.592,0.451,65.51724138,34.4,18,20.9,32.5,72.1,36.9,33.3,55.8,2.721,9.546,0,47.5,85
"956",2023,"Texas A&M",7,114.483,96.1997,0.885,73.52941176,45.9,18.3,21,36.6,69.6,32.8,32.3,52.8,2.182,27.473,0,68.7,65.1
"957",2023,"Texas",2,116.581,92.0106,0.929,76.47058824,31.5,16.5,22.8,28.3,70.6,33.9,32.7,57.1,2.221,34.531,3,80.3,65.8
"958",2023,"Tennessee",4,112.675,87.97,0.949,69.6969697,30.9,18.1,22.2,36.8,73.1,32.9,26.2,66.2,1.911,28.429,2,83.7,67
"959",2023,"TCU",6,112.366,94.3027,0.873,63.63636364,33.9,17.1,21.9,32.4,69.3,30.6,30.4,58.6,2.438,32.804,1,71.9,69.4
"961",2023,"San Diego St.",5,111.929,91.6744,0.919,81.25,34.3,17.6,19.6,31.7,74.2,34.4,29.2,51.9,2.718,25.602,5,70.6,67.5
"962",2023,"Saint Mary's",5,113.47,91.5736,0.931,78.125,31.2,16.4,19,33.1,78.2,36.7,32.8,48.3,1.904,22.971,1,73.4,70.6
"963",2023,"Purdue",1,119.362,94.8154,0.945,85.29411765,37.2,17,15.4,38.3,76.7,32.6,31.4,60.9,1.238,31.016,0,79.5,64.5
"964",2023,"Providence",11,116.847,102.117,0.825,65.625,36.8,16.9,16.9,35.2,73.3,35.1,33.9,53.4,1.89,29.545,0,65,74.7
"965",2023,"Princeton",15,109.093,103.527,0.659,70.37037037,32.2,16.9,14.5,28.4,77.2,34,33.1,47.9,1.801,11.173,2,54.7,79.6
"966",2023,"Pittsburgh",11,115.103,103.837,0.766,66.66666667,32.4,16.4,16.7,30.4,71.8,36,33.4,54.5,2.248,23.352,1,61.2,69.5
"967",2023,"Penn St.",10,116.826,101.79,0.84,62.85714286,21.4,13.7,13.1,18.8,74.9,38.5,33.3,52.7,2.446,29.963,1,63.5,67.8
"968",2023,"Oral Roberts",12,115.289,102.04,0.761,86.66666667,24.6,13.2,17.6,24.5,72.6,37,34.2,47.9,2.744,13.482,0,61.5,78.8
"969",2023,"Northwestern",7,108.511,93.6787,0.85,65.625,29.7,14.8,21.7,28.3,72.7,32.1,33.9,55,2.315,28.65,1,63.3,73.4
"970",2023,"Northern Kentucky",16,103.337,102.82,0.5,62.5,27.4,17.5,23.2,31.3,67.2,35.2,36.7,54.7,2.025,10.838,0,51.1,89.2
"971",2023,"North Carolina St.",11,113.894,100.589,0.84,69.6969697,25.3,13.6,19.1,30.7,73.4,34.9,32.2,45,2.24,24.085,0,63.9,76.8
"973",2023,"Montana St.",14,105.36,99.6121,0.693,71.875,44.4,17.6,20.1,25.7,74.5,32,34.8,49.6,2.337,13.113,0,53.2,72.1
"974",2023,"Missouri",7,119.289,105.37,0.806,72.72727273,29.5,16,24.3,26.8,62.7,36.1,35.4,56.5,2.645,28.374,1,60.8,72.5
"976",2023,"Michigan St.",7,113.4,96.6898,0.864,61.29032258,25.8,16.4,14.7,27.4,74.8,39.5,31.5,57.6,2.001,34.618,2,64.3,68.3
"977",2023,"Miami FL",5,118.233,103.319,0.842,78.125,30,16.4,18.1,32,71,36.8,33.6,51.6,2.099,23.676,4,66.5,68.9
"978",2023,"Memphis",8,114.701,96.0133,0.899,76.47058824,35.9,18.4,20.9,31,67.7,35.6,30.8,54.6,2.802,27.313,0,69.6,73.3
"979",2023,"Maryland",8,114.136,95.7662,0.863,63.63636364,33.8,16.2,18.4,30.2,72.8,33,32.1,46.3,2.471,29.227,1,67.6,73.1
"980",2023,"Marquette",2,119.308,97.4789,0.922,82.35294118,27.1,15.2,22.8,26.5,67.9,34.8,35.2,59.3,1.289,30.614,1,72.8,64.4
"981",2023,"Louisiana Lafayette",13,112.243,104.042,0.715,76.66666667,37.7,17.5,18.1,33.8,73.6,36.6,35.9,50.8,2.179,14.493,0,56.9,81.5
"982",2023,"Kentucky",6,117.41,99.6115,0.862,65.625,32.5,17.3,16.8,38.7,74.5,35.4,33.1,55.7,1.982,29.746,1,77.4,67.6
"983",2023,"Kent St.",13,108.347,96.4498,0.779,81.25,32,16.3,22.6,30.9,69.8,33.2,30.9,45,2.393,14.799,0,60.5,74.6
"984",2023,"Kennesaw St.",14,106.304,102.661,0.623,74.19354839,36.5,17.9,19.6,27.5,74.2,37.1,34.8,54.2,2.375,14.413,0,51.8,73.4
"985",2023,"Kansas St.",3,112.516,94.2021,0.875,71.875,37,20,20.7,31.1,70.8,34,30.1,64,2.51,30.879,3,72.1,65.2
"986",2023,"Kansas",1,114.61,91.4741,0.918,79.41176471,29.8,17.5,20.2,28.4,71.7,34.4,31.2,59.5,1.524,38.229,1,81.7,68.6
"987",2023,"Iowa St.",6,109.884,91.5493,0.893,59.375,27.8,19.8,25.1,33.9,73.4,33.9,33.8,54.9,2.387,37.116,0,68.3,65.7
"988",2023,"Iowa",8,120.475,104.873,0.844,59.375,32.6,14.1,18.5,32.2,72.4,34.3,36.6,58.1,2.022,30.692,0,66.3,77.2
"989",2023,"Iona",13,110.856,99.1448,0.789,79.41176471,29,15.3,20.9,32,69.5,36,29.2,53.4,1.854,9.85,0,61.8,80.7
"990",2023,"Indiana",4,114.651,97.2921,0.864,66.66666667,30.1,16.9,16.3,28,72.1,37,33.2,54.2,1.806,33.014,1,76.5,67.1
"991",2023,"Illinois",9,112.167,95.6864,0.839,62.5,33.8,18.2,18.6,32.3,73.2,30.9,33.6,46.6,1.41,30.112,0,72.1,79
"992",2023,"Howard",16,103.701,106.914,0.37,61.29032258,32.8,22.8,20.7,33.8,68.4,37.2,33.6,54.7,1.589,9.971,0,47.9,81.6
"993",2023,"Houston",1,118.387,89.5678,0.964,91.17647059,28.5,15.3,22,37.1,72.6,34.5,27.8,53.8,1.611,23.376,2,89.5,63.7
"994",2023,"Grand Canyon",14,112.317,106.325,0.639,65.625,37.8,18.4,15,30.5,69.7,37.6,32,47.1,2.289,14.646,0,55.6,82.3
"995",2023,"Gonzaga",3,124.004,99.6937,0.925,84.375,34.2,14.6,18.8,31.1,74,38.4,35,50.7,2.291,26.846,3,83.9,66.3
"996",2023,"Furman",13,114.2,105.775,0.697,77.41935484,34.7,15.8,18.4,29.6,72.9,34.4,33.1,58.5,1.893,10.319,1,57.4,70.9
"997",2023,"Florida Atlantic",9,114.275,96.0455,0.874,90.625,29.5,16.7,18.3,30.4,75.5,37.2,32,51,2.036,16.095,4,69.7,72.6
"998",2023,"Fairleigh Dickinson",16,106.175,118.425,0.216,53.125,27.9,16.3,21.4,31.4,71.1,34.4,36.9,51.5,1.943,5.422,1,43.5,79.4
"999",2023,"Duke",5,113.242,94.7531,0.892,76.47058824,30.8,18.2,16.6,36.2,74.1,33.6,30.4,56.4,0.878,26.527,1,79.5,69.7
"1000",2023,"Drake",12,109.84,97.3312,0.791,78.78787879,28.8,15.5,17.7,24.3,77.6,36.7,31.2,49.1,2.268,12.124,0,60.4,69.8
"1001",2023,"Creighton",6,114.621,93.9665,0.913,63.63636364,28.1,16.6,14.3,25.5,76.7,36,34.1,57.8,1.549,32.269,3,77.4,69.5
"1002",2023,"Connecticut",4,119.437,94.0686,0.947,75.75757576,31.4,18.9,19.4,39.2,73.8,35.7,30,62.6,1.724,29.244,6,83.3,68.8
"1003",2023,"College of Charleston",12,111.378,99.6171,0.782,90.90909091,32.7,16.7,19.3,35.1,74.5,33.3,30.3,49.1,2.031,8.862,0,60.9,71.1
"1004",2023,"Colgate",15,112.963,107.67,0.651,75.75757576,27.6,14.9,17.6,24.9,75.9,40.9,34.9,61.5,2.225,8.434,0,54.9,79.2
"1005",2023,"Boise St.",10,110.969,93.8352,0.852,71.875,30.7,16.7,17.7,26.4,76.2,36,31,43,2.119,24.425,0,65.7,70.2
"1006",2023,"Baylor",3,121.852,101.871,0.904,68.75,37.2,18.1,19.9,34.7,68.9,37.2,32.2,56.4,1.843,36.633,1,78.8,66.8
"1007",2023,"Auburn",9,112.689,95.2408,0.881,62.5,35.5,18.1,19.3,33.3,68,31.4,28.8,55,2.195,30.519,1,71.9,72.7
"1008",2023,"Arkansas",8,112.596,93.9677,0.894,60.60606061,38.8,18.3,20.4,30.5,71.8,31.7,30.6,49.6,1.415,30.654,2,78.1,75.6
"1009",2023,"Arizona St.",11,107.586,95.2101,0.8,64.70588235,30.8,16.9,20.6,29.6,68.2,31.4,33.6,56.9,2.242,28.637,0,60.2,75.2
"1010",2023,"Arizona",2,119.979,97.1195,0.932,82.35294118,36.5,18.4,16.9,31.1,73.8,38.2,32.8,65.3,1.986,29.572,0,80.9,65.3
"1011",2023,"Alabama",1,116.097,88.5549,0.956,85.29411765,36.7,19,15.9,33.8,72.5,33.8,28.1,54.8,1.13,33.7,2,85.2,63.8
